Aika;Alue;val
Vuosi 2020 Viikko 01;Ahvenanmaa;0
Vuosi 2020 Viikko 02;Ahvenanmaa;0
Vuosi 2020 Viikko 03;Ahvenanmaa;0
Vuosi 2020 Viikko 04;Ahvenanmaa;0
Vuosi 2020 Viikko 05;Ahvenanmaa;0
Vuosi 2020 Viikko 06;Ahvenanmaa;0
Vuosi 2020 Viikko 07;Ahvenanmaa;0
Vuosi 2020 Viikko 08;Ahvenanmaa;0
Vuosi 2020 Viikko 09;Ahvenanmaa;0
Vuosi 2020 Viikko 10;Ahvenanmaa;0
Vuosi 2020 Viikko 11;Ahvenanmaa;0
Vuosi 2020 Viikko 12;Ahvenanmaa;4
Vuosi 2020 Viikko 13;Ahvenanmaa;3
Vuosi 2020 Viikko 14;Ahvenanmaa;1
Vuosi 2020 Viikko 15;Ahvenanmaa;2
Vuosi 2020 Viikko 16;Ahvenanmaa;0
Vuosi 2020 Viikko 17;Ahvenanmaa;1
Vuosi 2020 Viikko 18;Ahvenanmaa;0
Vuosi 2020 Viikko 19;Ahvenanmaa;0
Vuosi 2020 Viikko 20;Ahvenanmaa;0
Vuosi 2020 Viikko 21;Ahvenanmaa;1
Vuosi 2020 Viikko 22;Ahvenanmaa;1
Vuosi 2020 Viikko 23;Ahvenanmaa;3
Vuosi 2020 Viikko 24;Ahvenanmaa;2
Vuosi 2020 Viikko 25;Ahvenanmaa;0
Vuosi 2020 Viikko 26;Ahvenanmaa;1
Vuosi 2020 Viikko 27;Ahvenanmaa;0
Vuosi 2020 Viikko 28;Ahvenanmaa;0
Vuosi 2020 Viikko 29;Ahvenanmaa;0
Vuosi 2020 Viikko 30;Ahvenanmaa;1
Vuosi 2020 Viikko 31;Ahvenanmaa;0
Vuosi 2020 Viikko 32;Ahvenanmaa;0
Vuosi 2020 Viikko 33;Ahvenanmaa;0
Vuosi 2020 Viikko 34;Ahvenanmaa;1
Vuosi 2020 Viikko 35;Ahvenanmaa;0
Vuosi 2020 Viikko 36;Ahvenanmaa;0
Vuosi 2020 Viikko 37;Ahvenanmaa;0
Vuosi 2020 Viikko 38;Ahvenanmaa;0
Vuosi 2020 Viikko 39;Ahvenanmaa;1
Vuosi 2020 Viikko 40;Ahvenanmaa;0
Vuosi 2020 Viikko 41;Ahvenanmaa;4
Vuosi 2020 Viikko 42;Ahvenanmaa;1
Vuosi 2020 Viikko 43;Ahvenanmaa;8
Vuosi 2020 Viikko 44;Ahvenanmaa;3
Vuosi 2020 Viikko 45;Ahvenanmaa;5
Vuosi 2020 Viikko 46;Ahvenanmaa;0
Vuosi 2020 Viikko 47;Ahvenanmaa;3
Vuosi 2020 Viikko 48;Ahvenanmaa;2
Vuosi 2020 Viikko 49;Ahvenanmaa;0
Vuosi 2020 Viikko 50;Ahvenanmaa;8
Vuosi 2020 Viikko 51;Ahvenanmaa;12
Vuosi 2020 Viikko 52;Ahvenanmaa;27
Vuosi 2020 Viikko 53;Ahvenanmaa;8
Vuosi 2021 Viikko 01;Ahvenanmaa;8
Vuosi 2021 Viikko 02;Ahvenanmaa;1
Vuosi 2021 Viikko 03;Ahvenanmaa;
Vuosi 2021 Viikko 04;Ahvenanmaa;
Vuosi 2021 Viikko 05;Ahvenanmaa;
Vuosi 2021 Viikko 06;Ahvenanmaa;
Vuosi 2021 Viikko 07;Ahvenanmaa;
Vuosi 2021 Viikko 08;Ahvenanmaa;
Vuosi 2021 Viikko 09;Ahvenanmaa;
Vuosi 2021 Viikko 10;Ahvenanmaa;
Vuosi 2021 Viikko 11;Ahvenanmaa;
Vuosi 2021 Viikko 12;Ahvenanmaa;
Vuosi 2021 Viikko 13;Ahvenanmaa;
Vuosi 2021 Viikko 14;Ahvenanmaa;
Vuosi 2021 Viikko 15;Ahvenanmaa;
Vuosi 2021 Viikko 16;Ahvenanmaa;
Vuosi 2021 Viikko 17;Ahvenanmaa;
Vuosi 2021 Viikko 18;Ahvenanmaa;
Vuosi 2021 Viikko 19;Ahvenanmaa;
Vuosi 2021 Viikko 20;Ahvenanmaa;
Vuosi 2021 Viikko 21;Ahvenanmaa;
Vuosi 2021 Viikko 22;Ahvenanmaa;
Vuosi 2021 Viikko 23;Ahvenanmaa;
Vuosi 2021 Viikko 24;Ahvenanmaa;
Vuosi 2021 Viikko 25;Ahvenanmaa;
Vuosi 2021 Viikko 26;Ahvenanmaa;
Vuosi 2021 Viikko 27;Ahvenanmaa;
Vuosi 2021 Viikko 28;Ahvenanmaa;
Vuosi 2021 Viikko 29;Ahvenanmaa;
Vuosi 2021 Viikko 30;Ahvenanmaa;
Vuosi 2021 Viikko 31;Ahvenanmaa;
Vuosi 2021 Viikko 32;Ahvenanmaa;
Vuosi 2021 Viikko 33;Ahvenanmaa;
Vuosi 2021 Viikko 34;Ahvenanmaa;
Vuosi 2021 Viikko 35;Ahvenanmaa;
Vuosi 2021 Viikko 36;Ahvenanmaa;
Vuosi 2021 Viikko 37;Ahvenanmaa;
Vuosi 2021 Viikko 38;Ahvenanmaa;
Vuosi 2021 Viikko 39;Ahvenanmaa;
Vuosi 2021 Viikko 40;Ahvenanmaa;
Vuosi 2021 Viikko 41;Ahvenanmaa;
Vuosi 2021 Viikko 42;Ahvenanmaa;
Vuosi 2021 Viikko 43;Ahvenanmaa;
Vuosi 2021 Viikko 44;Ahvenanmaa;
Vuosi 2021 Viikko 45;Ahvenanmaa;
Vuosi 2021 Viikko 46;Ahvenanmaa;
Vuosi 2021 Viikko 47;Ahvenanmaa;
Vuosi 2021 Viikko 48;Ahvenanmaa;
Vuosi 2021 Viikko 49;Ahvenanmaa;
Vuosi 2021 Viikko 50;Ahvenanmaa;
Vuosi 2021 Viikko 51;Ahvenanmaa;
Vuosi 2021 Viikko 52;Ahvenanmaa;
Aika;Ahvenanmaa;112
Vuosi 2020 Viikko 01;Varsinais-Suomen SHP;0
Vuosi 2020 Viikko 02;Varsinais-Suomen SHP;0
Vuosi 2020 Viikko 03;Varsinais-Suomen SHP;0
Vuosi 2020 Viikko 04;Varsinais-Suomen SHP;0
Vuosi 2020 Viikko 05;Varsinais-Suomen SHP;0
Vuosi 2020 Viikko 06;Varsinais-Suomen SHP;0
Vuosi 2020 Viikko 07;Varsinais-Suomen SHP;0
Vuosi 2020 Viikko 08;Varsinais-Suomen SHP;0
Vuosi 2020 Viikko 09;Varsinais-Suomen SHP;0
Vuosi 2020 Viikko 10;Varsinais-Suomen SHP;1
Vuosi 2020 Viikko 11;Varsinais-Suomen SHP;17
Vuosi 2020 Viikko 12;Varsinais-Suomen SHP;20
Vuosi 2020 Viikko 13;Varsinais-Suomen SHP;32
Vuosi 2020 Viikko 14;Varsinais-Suomen SHP;50
Vuosi 2020 Viikko 15;Varsinais-Suomen SHP;59
Vuosi 2020 Viikko 16;Varsinais-Suomen SHP;52
Vuosi 2020 Viikko 17;Varsinais-Suomen SHP;25
Vuosi 2020 Viikko 18;Varsinais-Suomen SHP;25
Vuosi 2020 Viikko 19;Varsinais-Suomen SHP;25
Vuosi 2020 Viikko 20;Varsinais-Suomen SHP;14
Vuosi 2020 Viikko 21;Varsinais-Suomen SHP;19
Vuosi 2020 Viikko 22;Varsinais-Suomen SHP;8
Vuosi 2020 Viikko 23;Varsinais-Suomen SHP;3
Vuosi 2020 Viikko 24;Varsinais-Suomen SHP;4
Vuosi 2020 Viikko 25;Varsinais-Suomen SHP;1
Vuosi 2020 Viikko 26;Varsinais-Suomen SHP;10
Vuosi 2020 Viikko 27;Varsinais-Suomen SHP;4
Vuosi 2020 Viikko 28;Varsinais-Suomen SHP;4
Vuosi 2020 Viikko 29;Varsinais-Suomen SHP;7
Vuosi 2020 Viikko 30;Varsinais-Suomen SHP;9
Vuosi 2020 Viikko 31;Varsinais-Suomen SHP;8
Vuosi 2020 Viikko 32;Varsinais-Suomen SHP;22
Vuosi 2020 Viikko 33;Varsinais-Suomen SHP;19
Vuosi 2020 Viikko 34;Varsinais-Suomen SHP;18
Vuosi 2020 Viikko 35;Varsinais-Suomen SHP;20
Vuosi 2020 Viikko 36;Varsinais-Suomen SHP;7
Vuosi 2020 Viikko 37;Varsinais-Suomen SHP;23
Vuosi 2020 Viikko 38;Varsinais-Suomen SHP;23
Vuosi 2020 Viikko 39;Varsinais-Suomen SHP;21
Vuosi 2020 Viikko 40;Varsinais-Suomen SHP;68
Vuosi 2020 Viikko 41;Varsinais-Suomen SHP;84
Vuosi 2020 Viikko 42;Varsinais-Suomen SHP;76
Vuosi 2020 Viikko 43;Varsinais-Suomen SHP;94
Vuosi 2020 Viikko 44;Varsinais-Suomen SHP;177
Vuosi 2020 Viikko 45;Varsinais-Suomen SHP;147
Vuosi 2020 Viikko 46;Varsinais-Suomen SHP;139
Vuosi 2020 Viikko 47;Varsinais-Suomen SHP;114
Vuosi 2020 Viikko 48;Varsinais-Suomen SHP;190
Vuosi 2020 Viikko 49;Varsinais-Suomen SHP;304
Vuosi 2020 Viikko 50;Varsinais-Suomen SHP;450
Vuosi 2020 Viikko 51;Varsinais-Suomen SHP;438
Vuosi 2020 Viikko 52;Varsinais-Suomen SHP;265
Vuosi 2020 Viikko 53;Varsinais-Suomen SHP;241
Vuosi 2021 Viikko 01;Varsinais-Suomen SHP;210
Vuosi 2021 Viikko 02;Varsinais-Suomen SHP;65
Vuosi 2021 Viikko 03;Varsinais-Suomen SHP;
Vuosi 2021 Viikko 04;Varsinais-Suomen SHP;
Vuosi 2021 Viikko 05;Varsinais-Suomen SHP;
Vuosi 2021 Viikko 06;Varsinais-Suomen SHP;
Vuosi 2021 Viikko 07;Varsinais-Suomen SHP;
Vuosi 2021 Viikko 08;Varsinais-Suomen SHP;
Vuosi 2021 Viikko 09;Varsinais-Suomen SHP;
Vuosi 2021 Viikko 10;Varsinais-Suomen SHP;
Vuosi 2021 Viikko 11;Varsinais-Suomen SHP;
Vuosi 2021 Viikko 12;Varsinais-Suomen SHP;
Vuosi 2021 Viikko 13;Varsinais-Suomen SHP;
Vuosi 2021 Viikko 14;Varsinais-Suomen SHP;
Vuosi 2021 Viikko 15;Varsinais-Suomen SHP;
Vuosi 2021 Viikko 16;Varsinais-Suomen SHP;
Vuosi 2021 Viikko 17;Varsinais-Suomen SHP;
Vuosi 2021 Viikko 18;Varsinais-Suomen SHP;
Vuosi 2021 Viikko 19;Varsinais-Suomen SHP;
Vuosi 2021 Viikko 20;Varsinais-Suomen SHP;
Vuosi 2021 Viikko 21;Varsinais-Suomen SHP;
Vuosi 2021 Viikko 22;Varsinais-Suomen SHP;
Vuosi 2021 Viikko 23;Varsinais-Suomen SHP;
Vuosi 2021 Viikko 24;Varsinais-Suomen SHP;
Vuosi 2021 Viikko 25;Varsinais-Suomen SHP;
Vuosi 2021 Viikko 26;Varsinais-Suomen SHP;
Vuosi 2021 Viikko 27;Varsinais-Suomen SHP;
Vuosi 2021 Viikko 28;Varsinais-Suomen SHP;
Vuosi 2021 Viikko 29;Varsinais-Suomen SHP;
Vuosi 2021 Viikko 30;Varsinais-Suomen SHP;
Vuosi 2021 Viikko 31;Varsinais-Suomen SHP;
Vuosi 2021 Viikko 32;Varsinais-Suomen SHP;
Vuosi 2021 Viikko 33;Varsinais-Suomen SHP;
Vuosi 2021 Viikko 34;Varsinais-Suomen SHP;
Vuosi 2021 Viikko 35;Varsinais-Suomen SHP;
Vuosi 2021 Viikko 36;Varsinais-Suomen SHP;
Vuosi 2021 Viikko 37;Varsinais-Suomen SHP;
Vuosi 2021 Viikko 38;Varsinais-Suomen SHP;
Vuosi 2021 Viikko 39;Varsinais-Suomen SHP;
Vuosi 2021 Viikko 40;Varsinais-Suomen SHP;
Vuosi 2021 Viikko 41;Varsinais-Suomen SHP;
Vuosi 2021 Viikko 42;Varsinais-Suomen SHP;
Vuosi 2021 Viikko 43;Varsinais-Suomen SHP;
Vuosi 2021 Viikko 44;Varsinais-Suomen SHP;
Vuosi 2021 Viikko 45;Varsinais-Suomen SHP;
Vuosi 2021 Viikko 46;Varsinais-Suomen SHP;
Vuosi 2021 Viikko 47;Varsinais-Suomen SHP;
Vuosi 2021 Viikko 48;Varsinais-Suomen SHP;
Vuosi 2021 Viikko 49;Varsinais-Suomen SHP;
Vuosi 2021 Viikko 50;Varsinais-Suomen SHP;
Vuosi 2021 Viikko 51;Varsinais-Suomen SHP;
Vuosi 2021 Viikko 52;Varsinais-Suomen SHP;
Aika;Varsinais-Suomen SHP;3612
Vuosi 2020 Viikko 01;Satakunnan SHP;0
Vuosi 2020 Viikko 02;Satakunnan SHP;0
Vuosi 2020 Viikko 03;Satakunnan SHP;0
Vuosi 2020 Viikko 04;Satakunnan SHP;0
Vuosi 2020 Viikko 05;Satakunnan SHP;0
Vuosi 2020 Viikko 06;Satakunnan SHP;0
Vuosi 2020 Viikko 07;Satakunnan SHP;0
Vuosi 2020 Viikko 08;Satakunnan SHP;0
Vuosi 2020 Viikko 09;Satakunnan SHP;0
Vuosi 2020 Viikko 10;Satakunnan SHP;0
Vuosi 2020 Viikko 11;Satakunnan SHP;10
Vuosi 2020 Viikko 12;Satakunnan SHP;7
Vuosi 2020 Viikko 13;Satakunnan SHP;8
Vuosi 2020 Viikko 14;Satakunnan SHP;9
Vuosi 2020 Viikko 15;Satakunnan SHP;8
Vuosi 2020 Viikko 16;Satakunnan SHP;7
Vuosi 2020 Viikko 17;Satakunnan SHP;2
Vuosi 2020 Viikko 18;Satakunnan SHP;2
Vuosi 2020 Viikko 19;Satakunnan SHP;0
Vuosi 2020 Viikko 20;Satakunnan SHP;0
Vuosi 2020 Viikko 21;Satakunnan SHP;0
Vuosi 2020 Viikko 22;Satakunnan SHP;0
Vuosi 2020 Viikko 23;Satakunnan SHP;0
Vuosi 2020 Viikko 24;Satakunnan SHP;3
Vuosi 2020 Viikko 25;Satakunnan SHP;3
Vuosi 2020 Viikko 26;Satakunnan SHP;1
Vuosi 2020 Viikko 27;Satakunnan SHP;0
Vuosi 2020 Viikko 28;Satakunnan SHP;2
Vuosi 2020 Viikko 29;Satakunnan SHP;3
Vuosi 2020 Viikko 30;Satakunnan SHP;4
Vuosi 2020 Viikko 31;Satakunnan SHP;10
Vuosi 2020 Viikko 32;Satakunnan SHP;3
Vuosi 2020 Viikko 33;Satakunnan SHP;3
Vuosi 2020 Viikko 34;Satakunnan SHP;0
Vuosi 2020 Viikko 35;Satakunnan SHP;0
Vuosi 2020 Viikko 36;Satakunnan SHP;2
Vuosi 2020 Viikko 37;Satakunnan SHP;1
Vuosi 2020 Viikko 38;Satakunnan SHP;2
Vuosi 2020 Viikko 39;Satakunnan SHP;3
Vuosi 2020 Viikko 40;Satakunnan SHP;6
Vuosi 2020 Viikko 41;Satakunnan SHP;8
Vuosi 2020 Viikko 42;Satakunnan SHP;8
Vuosi 2020 Viikko 43;Satakunnan SHP;11
Vuosi 2020 Viikko 44;Satakunnan SHP;10
Vuosi 2020 Viikko 45;Satakunnan SHP;13
Vuosi 2020 Viikko 46;Satakunnan SHP;15
Vuosi 2020 Viikko 47;Satakunnan SHP;23
Vuosi 2020 Viikko 48;Satakunnan SHP;67
Vuosi 2020 Viikko 49;Satakunnan SHP;49
Vuosi 2020 Viikko 50;Satakunnan SHP;32
Vuosi 2020 Viikko 51;Satakunnan SHP;17
Vuosi 2020 Viikko 52;Satakunnan SHP;15
Vuosi 2020 Viikko 53;Satakunnan SHP;15
Vuosi 2021 Viikko 01;Satakunnan SHP;13
Vuosi 2021 Viikko 02;Satakunnan SHP;2
Vuosi 2021 Viikko 03;Satakunnan SHP;
Vuosi 2021 Viikko 04;Satakunnan SHP;
Vuosi 2021 Viikko 05;Satakunnan SHP;
Vuosi 2021 Viikko 06;Satakunnan SHP;
Vuosi 2021 Viikko 07;Satakunnan SHP;
Vuosi 2021 Viikko 08;Satakunnan SHP;
Vuosi 2021 Viikko 09;Satakunnan SHP;
Vuosi 2021 Viikko 10;Satakunnan SHP;
Vuosi 2021 Viikko 11;Satakunnan SHP;
Vuosi 2021 Viikko 12;Satakunnan SHP;
Vuosi 2021 Viikko 13;Satakunnan SHP;
Vuosi 2021 Viikko 14;Satakunnan SHP;
Vuosi 2021 Viikko 15;Satakunnan SHP;
Vuosi 2021 Viikko 16;Satakunnan SHP;
Vuosi 2021 Viikko 17;Satakunnan SHP;
Vuosi 2021 Viikko 18;Satakunnan SHP;
Vuosi 2021 Viikko 19;Satakunnan SHP;
Vuosi 2021 Viikko 20;Satakunnan SHP;
Vuosi 2021 Viikko 21;Satakunnan SHP;
Vuosi 2021 Viikko 22;Satakunnan SHP;
Vuosi 2021 Viikko 23;Satakunnan SHP;
Vuosi 2021 Viikko 24;Satakunnan SHP;
Vuosi 2021 Viikko 25;Satakunnan SHP;
Vuosi 2021 Viikko 26;Satakunnan SHP;
Vuosi 2021 Viikko 27;Satakunnan SHP;
Vuosi 2021 Viikko 28;Satakunnan SHP;
Vuosi 2021 Viikko 29;Satakunnan SHP;
Vuosi 2021 Viikko 30;Satakunnan SHP;
Vuosi 2021 Viikko 31;Satakunnan SHP;
Vuosi 2021 Viikko 32;Satakunnan SHP;
Vuosi 2021 Viikko 33;Satakunnan SHP;
Vuosi 2021 Viikko 34;Satakunnan SHP;
Vuosi 2021 Viikko 35;Satakunnan SHP;
Vuosi 2021 Viikko 36;Satakunnan SHP;
Vuosi 2021 Viikko 37;Satakunnan SHP;
Vuosi 2021 Viikko 38;Satakunnan SHP;
Vuosi 2021 Viikko 39;Satakunnan SHP;
Vuosi 2021 Viikko 40;Satakunnan SHP;
Vuosi 2021 Viikko 41;Satakunnan SHP;
Vuosi 2021 Viikko 42;Satakunnan SHP;
Vuosi 2021 Viikko 43;Satakunnan SHP;
Vuosi 2021 Viikko 44;Satakunnan SHP;
Vuosi 2021 Viikko 45;Satakunnan SHP;
Vuosi 2021 Viikko 46;Satakunnan SHP;
Vuosi 2021 Viikko 47;Satakunnan SHP;
Vuosi 2021 Viikko 48;Satakunnan SHP;
Vuosi 2021 Viikko 49;Satakunnan SHP;
Vuosi 2021 Viikko 50;Satakunnan SHP;
Vuosi 2021 Viikko 51;Satakunnan SHP;
Vuosi 2021 Viikko 52;Satakunnan SHP;
Aika;Satakunnan SHP;397
Vuosi 2020 Viikko 01;Kanta-Hämeen SHP;0
Vuosi 2020 Viikko 02;Kanta-Hämeen SHP;0
Vuosi 2020 Viikko 03;Kanta-Hämeen SHP;0
Vuosi 2020 Viikko 04;Kanta-Hämeen SHP;0
Vuosi 2020 Viikko 05;Kanta-Hämeen SHP;0
Vuosi 2020 Viikko 06;Kanta-Hämeen SHP;0
Vuosi 2020 Viikko 07;Kanta-Hämeen SHP;0
Vuosi 2020 Viikko 08;Kanta-Hämeen SHP;0
Vuosi 2020 Viikko 09;Kanta-Hämeen SHP;0
Vuosi 2020 Viikko 10;Kanta-Hämeen SHP;3
Vuosi 2020 Viikko 11;Kanta-Hämeen SHP;10
Vuosi 2020 Viikko 12;Kanta-Hämeen SHP;6
Vuosi 2020 Viikko 13;Kanta-Hämeen SHP;9
Vuosi 2020 Viikko 14;Kanta-Hämeen SHP;22
Vuosi 2020 Viikko 15;Kanta-Hämeen SHP;14
Vuosi 2020 Viikko 16;Kanta-Hämeen SHP;6
Vuosi 2020 Viikko 17;Kanta-Hämeen SHP;12
Vuosi 2020 Viikko 18;Kanta-Hämeen SHP;8
Vuosi 2020 Viikko 19;Kanta-Hämeen SHP;15
Vuosi 2020 Viikko 20;Kanta-Hämeen SHP;4
Vuosi 2020 Viikko 21;Kanta-Hämeen SHP;2
Vuosi 2020 Viikko 22;Kanta-Hämeen SHP;0
Vuosi 2020 Viikko 23;Kanta-Hämeen SHP;1
Vuosi 2020 Viikko 24;Kanta-Hämeen SHP;1
Vuosi 2020 Viikko 25;Kanta-Hämeen SHP;1
Vuosi 2020 Viikko 26;Kanta-Hämeen SHP;0
Vuosi 2020 Viikko 27;Kanta-Hämeen SHP;1
Vuosi 2020 Viikko 28;Kanta-Hämeen SHP;0
Vuosi 2020 Viikko 29;Kanta-Hämeen SHP;0
Vuosi 2020 Viikko 30;Kanta-Hämeen SHP;0
Vuosi 2020 Viikko 31;Kanta-Hämeen SHP;2
Vuosi 2020 Viikko 32;Kanta-Hämeen SHP;1
Vuosi 2020 Viikko 33;Kanta-Hämeen SHP;1
Vuosi 2020 Viikko 34;Kanta-Hämeen SHP;4
Vuosi 2020 Viikko 35;Kanta-Hämeen SHP;0
Vuosi 2020 Viikko 36;Kanta-Hämeen SHP;3
Vuosi 2020 Viikko 37;Kanta-Hämeen SHP;10
Vuosi 2020 Viikko 38;Kanta-Hämeen SHP;21
Vuosi 2020 Viikko 39;Kanta-Hämeen SHP;5
Vuosi 2020 Viikko 40;Kanta-Hämeen SHP;29
Vuosi 2020 Viikko 41;Kanta-Hämeen SHP;33
Vuosi 2020 Viikko 42;Kanta-Hämeen SHP;23
Vuosi 2020 Viikko 43;Kanta-Hämeen SHP;28
Vuosi 2020 Viikko 44;Kanta-Hämeen SHP;31
Vuosi 2020 Viikko 45;Kanta-Hämeen SHP;15
Vuosi 2020 Viikko 46;Kanta-Hämeen SHP;17
Vuosi 2020 Viikko 47;Kanta-Hämeen SHP;30
Vuosi 2020 Viikko 48;Kanta-Hämeen SHP;44
Vuosi 2020 Viikko 49;Kanta-Hämeen SHP;54
Vuosi 2020 Viikko 50;Kanta-Hämeen SHP;64
Vuosi 2020 Viikko 51;Kanta-Hämeen SHP;47
Vuosi 2020 Viikko 52;Kanta-Hämeen SHP;27
Vuosi 2020 Viikko 53;Kanta-Hämeen SHP;26
Vuosi 2021 Viikko 01;Kanta-Hämeen SHP;49
Vuosi 2021 Viikko 02;Kanta-Hämeen SHP;3
Vuosi 2021 Viikko 03;Kanta-Hämeen SHP;
Vuosi 2021 Viikko 04;Kanta-Hämeen SHP;
Vuosi 2021 Viikko 05;Kanta-Hämeen SHP;
Vuosi 2021 Viikko 06;Kanta-Hämeen SHP;
Vuosi 2021 Viikko 07;Kanta-Hämeen SHP;
Vuosi 2021 Viikko 08;Kanta-Hämeen SHP;
Vuosi 2021 Viikko 09;Kanta-Hämeen SHP;
Vuosi 2021 Viikko 10;Kanta-Hämeen SHP;
Vuosi 2021 Viikko 11;Kanta-Hämeen SHP;
Vuosi 2021 Viikko 12;Kanta-Hämeen SHP;
Vuosi 2021 Viikko 13;Kanta-Hämeen SHP;
Vuosi 2021 Viikko 14;Kanta-Hämeen SHP;
Vuosi 2021 Viikko 15;Kanta-Hämeen SHP;
Vuosi 2021 Viikko 16;Kanta-Hämeen SHP;
Vuosi 2021 Viikko 17;Kanta-Hämeen SHP;
Vuosi 2021 Viikko 18;Kanta-Hämeen SHP;
Vuosi 2021 Viikko 19;Kanta-Hämeen SHP;
Vuosi 2021 Viikko 20;Kanta-Hämeen SHP;
Vuosi 2021 Viikko 21;Kanta-Hämeen SHP;
Vuosi 2021 Viikko 22;Kanta-Hämeen SHP;
Vuosi 2021 Viikko 23;Kanta-Hämeen SHP;
Vuosi 2021 Viikko 24;Kanta-Hämeen SHP;
Vuosi 2021 Viikko 25;Kanta-Hämeen SHP;
Vuosi 2021 Viikko 26;Kanta-Hämeen SHP;
Vuosi 2021 Viikko 27;Kanta-Hämeen SHP;
Vuosi 2021 Viikko 28;Kanta-Hämeen SHP;
Vuosi 2021 Viikko 29;Kanta-Hämeen SHP;
Vuosi 2021 Viikko 30;Kanta-Hämeen SHP;
Vuosi 2021 Viikko 31;Kanta-Hämeen SHP;
Vuosi 2021 Viikko 32;Kanta-Hämeen SHP;
Vuosi 2021 Viikko 33;Kanta-Hämeen SHP;
Vuosi 2021 Viikko 34;Kanta-Hämeen SHP;
Vuosi 2021 Viikko 35;Kanta-Hämeen SHP;
Vuosi 2021 Viikko 36;Kanta-Hämeen SHP;
Vuosi 2021 Viikko 37;Kanta-Hämeen SHP;
Vuosi 2021 Viikko 38;Kanta-Hämeen SHP;
Vuosi 2021 Viikko 39;Kanta-Hämeen SHP;
Vuosi 2021 Viikko 40;Kanta-Hämeen SHP;
Vuosi 2021 Viikko 41;Kanta-Hämeen SHP;
Vuosi 2021 Viikko 42;Kanta-Hämeen SHP;
Vuosi 2021 Viikko 43;Kanta-Hämeen SHP;
Vuosi 2021 Viikko 44;Kanta-Hämeen SHP;
Vuosi 2021 Viikko 45;Kanta-Hämeen SHP;
Vuosi 2021 Viikko 46;Kanta-Hämeen SHP;
Vuosi 2021 Viikko 47;Kanta-Hämeen SHP;
Vuosi 2021 Viikko 48;Kanta-Hämeen SHP;
Vuosi 2021 Viikko 49;Kanta-Hämeen SHP;
Vuosi 2021 Viikko 50;Kanta-Hämeen SHP;
Vuosi 2021 Viikko 51;Kanta-Hämeen SHP;
Vuosi 2021 Viikko 52;Kanta-Hämeen SHP;
Aika;Kanta-Hämeen SHP;682
Vuosi 2020 Viikko 01;Pirkanmaan SHP;0
Vuosi 2020 Viikko 02;Pirkanmaan SHP;0
Vuosi 2020 Viikko 03;Pirkanmaan SHP;0
Vuosi 2020 Viikko 04;Pirkanmaan SHP;0
Vuosi 2020 Viikko 05;Pirkanmaan SHP;0
Vuosi 2020 Viikko 06;Pirkanmaan SHP;0
Vuosi 2020 Viikko 07;Pirkanmaan SHP;0
Vuosi 2020 Viikko 08;Pirkanmaan SHP;0
Vuosi 2020 Viikko 09;Pirkanmaan SHP;0
Vuosi 2020 Viikko 10;Pirkanmaan SHP;7
Vuosi 2020 Viikko 11;Pirkanmaan SHP;21
Vuosi 2020 Viikko 12;Pirkanmaan SHP;28
Vuosi 2020 Viikko 13;Pirkanmaan SHP;60
Vuosi 2020 Viikko 14;Pirkanmaan SHP;46
Vuosi 2020 Viikko 15;Pirkanmaan SHP;27
Vuosi 2020 Viikko 16;Pirkanmaan SHP;11
Vuosi 2020 Viikko 17;Pirkanmaan SHP;14
Vuosi 2020 Viikko 18;Pirkanmaan SHP;20
Vuosi 2020 Viikko 19;Pirkanmaan SHP;12
Vuosi 2020 Viikko 20;Pirkanmaan SHP;7
Vuosi 2020 Viikko 21;Pirkanmaan SHP;2
Vuosi 2020 Viikko 22;Pirkanmaan SHP;5
Vuosi 2020 Viikko 23;Pirkanmaan SHP;1
Vuosi 2020 Viikko 24;Pirkanmaan SHP;1
Vuosi 2020 Viikko 25;Pirkanmaan SHP;0
Vuosi 2020 Viikko 26;Pirkanmaan SHP;0
Vuosi 2020 Viikko 27;Pirkanmaan SHP;0
Vuosi 2020 Viikko 28;Pirkanmaan SHP;1
Vuosi 2020 Viikko 29;Pirkanmaan SHP;0
Vuosi 2020 Viikko 30;Pirkanmaan SHP;0
Vuosi 2020 Viikko 31;Pirkanmaan SHP;3
Vuosi 2020 Viikko 32;Pirkanmaan SHP;5
Vuosi 2020 Viikko 33;Pirkanmaan SHP;3
Vuosi 2020 Viikko 34;Pirkanmaan SHP;6
Vuosi 2020 Viikko 35;Pirkanmaan SHP;5
Vuosi 2020 Viikko 36;Pirkanmaan SHP;23
Vuosi 2020 Viikko 37;Pirkanmaan SHP;29
Vuosi 2020 Viikko 38;Pirkanmaan SHP;54
Vuosi 2020 Viikko 39;Pirkanmaan SHP;49
Vuosi 2020 Viikko 40;Pirkanmaan SHP;62
Vuosi 2020 Viikko 41;Pirkanmaan SHP;81
Vuosi 2020 Viikko 42;Pirkanmaan SHP;79
Vuosi 2020 Viikko 43;Pirkanmaan SHP;67
Vuosi 2020 Viikko 44;Pirkanmaan SHP;79
Vuosi 2020 Viikko 45;Pirkanmaan SHP;61
Vuosi 2020 Viikko 46;Pirkanmaan SHP;78
Vuosi 2020 Viikko 47;Pirkanmaan SHP;168
Vuosi 2020 Viikko 48;Pirkanmaan SHP;227
Vuosi 2020 Viikko 49;Pirkanmaan SHP;207
Vuosi 2020 Viikko 50;Pirkanmaan SHP;169
Vuosi 2020 Viikko 51;Pirkanmaan SHP;108
Vuosi 2020 Viikko 52;Pirkanmaan SHP;85
Vuosi 2020 Viikko 53;Pirkanmaan SHP;71
Vuosi 2021 Viikko 01;Pirkanmaan SHP;77
Vuosi 2021 Viikko 02;Pirkanmaan SHP;13
Vuosi 2021 Viikko 03;Pirkanmaan SHP;
Vuosi 2021 Viikko 04;Pirkanmaan SHP;
Vuosi 2021 Viikko 05;Pirkanmaan SHP;
Vuosi 2021 Viikko 06;Pirkanmaan SHP;
Vuosi 2021 Viikko 07;Pirkanmaan SHP;
Vuosi 2021 Viikko 08;Pirkanmaan SHP;
Vuosi 2021 Viikko 09;Pirkanmaan SHP;
Vuosi 2021 Viikko 10;Pirkanmaan SHP;
Vuosi 2021 Viikko 11;Pirkanmaan SHP;
Vuosi 2021 Viikko 12;Pirkanmaan SHP;
Vuosi 2021 Viikko 13;Pirkanmaan SHP;
Vuosi 2021 Viikko 14;Pirkanmaan SHP;
Vuosi 2021 Viikko 15;Pirkanmaan SHP;
Vuosi 2021 Viikko 16;Pirkanmaan SHP;
Vuosi 2021 Viikko 17;Pirkanmaan SHP;
Vuosi 2021 Viikko 18;Pirkanmaan SHP;
Vuosi 2021 Viikko 19;Pirkanmaan SHP;
Vuosi 2021 Viikko 20;Pirkanmaan SHP;
Vuosi 2021 Viikko 21;Pirkanmaan SHP;
Vuosi 2021 Viikko 22;Pirkanmaan SHP;
Vuosi 2021 Viikko 23;Pirkanmaan SHP;
Vuosi 2021 Viikko 24;Pirkanmaan SHP;
Vuosi 2021 Viikko 25;Pirkanmaan SHP;
Vuosi 2021 Viikko 26;Pirkanmaan SHP;
Vuosi 2021 Viikko 27;Pirkanmaan SHP;
Vuosi 2021 Viikko 28;Pirkanmaan SHP;
Vuosi 2021 Viikko 29;Pirkanmaan SHP;
Vuosi 2021 Viikko 30;Pirkanmaan SHP;
Vuosi 2021 Viikko 31;Pirkanmaan SHP;
Vuosi 2021 Viikko 32;Pirkanmaan SHP;
Vuosi 2021 Viikko 33;Pirkanmaan SHP;
Vuosi 2021 Viikko 34;Pirkanmaan SHP;
Vuosi 2021 Viikko 35;Pirkanmaan SHP;
Vuosi 2021 Viikko 36;Pirkanmaan SHP;
Vuosi 2021 Viikko 37;Pirkanmaan SHP;
Vuosi 2021 Viikko 38;Pirkanmaan SHP;
Vuosi 2021 Viikko 39;Pirkanmaan SHP;
Vuosi 2021 Viikko 40;Pirkanmaan SHP;
Vuosi 2021 Viikko 41;Pirkanmaan SHP;
Vuosi 2021 Viikko 42;Pirkanmaan SHP;
Vuosi 2021 Viikko 43;Pirkanmaan SHP;
Vuosi 2021 Viikko 44;Pirkanmaan SHP;
Vuosi 2021 Viikko 45;Pirkanmaan SHP;
Vuosi 2021 Viikko 46;Pirkanmaan SHP;
Vuosi 2021 Viikko 47;Pirkanmaan SHP;
Vuosi 2021 Viikko 48;Pirkanmaan SHP;
Vuosi 2021 Viikko 49;Pirkanmaan SHP;
Vuosi 2021 Viikko 50;Pirkanmaan SHP;
Vuosi 2021 Viikko 51;Pirkanmaan SHP;
Vuosi 2021 Viikko 52;Pirkanmaan SHP;
Aika;Pirkanmaan SHP;2072
Vuosi 2020 Viikko 01;Päijät-Hämeen SHP;0
Vuosi 2020 Viikko 02;Päijät-Hämeen SHP;0
Vuosi 2020 Viikko 03;Päijät-Hämeen SHP;0
Vuosi 2020 Viikko 04;Päijät-Hämeen SHP;0
Vuosi 2020 Viikko 05;Päijät-Hämeen SHP;0
Vuosi 2020 Viikko 06;Päijät-Hämeen SHP;0
Vuosi 2020 Viikko 07;Päijät-Hämeen SHP;0
Vuosi 2020 Viikko 08;Päijät-Hämeen SHP;0
Vuosi 2020 Viikko 09;Päijät-Hämeen SHP;0
Vuosi 2020 Viikko 10;Päijät-Hämeen SHP;0
Vuosi 2020 Viikko 11;Päijät-Hämeen SHP;1
Vuosi 2020 Viikko 12;Päijät-Hämeen SHP;5
Vuosi 2020 Viikko 13;Päijät-Hämeen SHP;26
Vuosi 2020 Viikko 14;Päijät-Hämeen SHP;14
Vuosi 2020 Viikko 15;Päijät-Hämeen SHP;12
Vuosi 2020 Viikko 16;Päijät-Hämeen SHP;9
Vuosi 2020 Viikko 17;Päijät-Hämeen SHP;9
Vuosi 2020 Viikko 18;Päijät-Hämeen SHP;2
Vuosi 2020 Viikko 19;Päijät-Hämeen SHP;15
Vuosi 2020 Viikko 20;Päijät-Hämeen SHP;13
Vuosi 2020 Viikko 21;Päijät-Hämeen SHP;1
Vuosi 2020 Viikko 22;Päijät-Hämeen SHP;2
Vuosi 2020 Viikko 23;Päijät-Hämeen SHP;1
Vuosi 2020 Viikko 24;Päijät-Hämeen SHP;0
Vuosi 2020 Viikko 25;Päijät-Hämeen SHP;0
Vuosi 2020 Viikko 26;Päijät-Hämeen SHP;0
Vuosi 2020 Viikko 27;Päijät-Hämeen SHP;1
Vuosi 2020 Viikko 28;Päijät-Hämeen SHP;9
Vuosi 2020 Viikko 29;Päijät-Hämeen SHP;1
Vuosi 2020 Viikko 30;Päijät-Hämeen SHP;0
Vuosi 2020 Viikko 31;Päijät-Hämeen SHP;0
Vuosi 2020 Viikko 32;Päijät-Hämeen SHP;2
Vuosi 2020 Viikko 33;Päijät-Hämeen SHP;4
Vuosi 2020 Viikko 34;Päijät-Hämeen SHP;1
Vuosi 2020 Viikko 35;Päijät-Hämeen SHP;1
Vuosi 2020 Viikko 36;Päijät-Hämeen SHP;22
Vuosi 2020 Viikko 37;Päijät-Hämeen SHP;44
Vuosi 2020 Viikko 38;Päijät-Hämeen SHP;22
Vuosi 2020 Viikko 39;Päijät-Hämeen SHP;15
Vuosi 2020 Viikko 40;Päijät-Hämeen SHP;8
Vuosi 2020 Viikko 41;Päijät-Hämeen SHP;7
Vuosi 2020 Viikko 42;Päijät-Hämeen SHP;17
Vuosi 2020 Viikko 43;Päijät-Hämeen SHP;12
Vuosi 2020 Viikko 44;Päijät-Hämeen SHP;20
Vuosi 2020 Viikko 45;Päijät-Hämeen SHP;17
Vuosi 2020 Viikko 46;Päijät-Hämeen SHP;47
Vuosi 2020 Viikko 47;Päijät-Hämeen SHP;104
Vuosi 2020 Viikko 48;Päijät-Hämeen SHP;215
Vuosi 2020 Viikko 49;Päijät-Hämeen SHP;114
Vuosi 2020 Viikko 50;Päijät-Hämeen SHP;58
Vuosi 2020 Viikko 51;Päijät-Hämeen SHP;56
Vuosi 2020 Viikko 52;Päijät-Hämeen SHP;45
Vuosi 2020 Viikko 53;Päijät-Hämeen SHP;45
Vuosi 2021 Viikko 01;Päijät-Hämeen SHP;40
Vuosi 2021 Viikko 02;Päijät-Hämeen SHP;1
Vuosi 2021 Viikko 03;Päijät-Hämeen SHP;
Vuosi 2021 Viikko 04;Päijät-Hämeen SHP;
Vuosi 2021 Viikko 05;Päijät-Hämeen SHP;
Vuosi 2021 Viikko 06;Päijät-Hämeen SHP;
Vuosi 2021 Viikko 07;Päijät-Hämeen SHP;
Vuosi 2021 Viikko 08;Päijät-Hämeen SHP;
Vuosi 2021 Viikko 09;Päijät-Hämeen SHP;
Vuosi 2021 Viikko 10;Päijät-Hämeen SHP;
Vuosi 2021 Viikko 11;Päijät-Hämeen SHP;
Vuosi 2021 Viikko 12;Päijät-Hämeen SHP;
Vuosi 2021 Viikko 13;Päijät-Hämeen SHP;
Vuosi 2021 Viikko 14;Päijät-Hämeen SHP;
Vuosi 2021 Viikko 15;Päijät-Hämeen SHP;
Vuosi 2021 Viikko 16;Päijät-Hämeen SHP;
Vuosi 2021 Viikko 17;Päijät-Hämeen SHP;
Vuosi 2021 Viikko 18;Päijät-Hämeen SHP;
Vuosi 2021 Viikko 19;Päijät-Hämeen SHP;
Vuosi 2021 Viikko 20;Päijät-Hämeen SHP;
Vuosi 2021 Viikko 21;Päijät-Hämeen SHP;
Vuosi 2021 Viikko 22;Päijät-Hämeen SHP;
Vuosi 2021 Viikko 23;Päijät-Hämeen SHP;
Vuosi 2021 Viikko 24;Päijät-Hämeen SHP;
Vuosi 2021 Viikko 25;Päijät-Hämeen SHP;
Vuosi 2021 Viikko 26;Päijät-Hämeen SHP;
Vuosi 2021 Viikko 27;Päijät-Hämeen SHP;
Vuosi 2021 Viikko 28;Päijät-Hämeen SHP;
Vuosi 2021 Viikko 29;Päijät-Hämeen SHP;
Vuosi 2021 Viikko 30;Päijät-Hämeen SHP;
Vuosi 2021 Viikko 31;Päijät-Hämeen SHP;
Vuosi 2021 Viikko 32;Päijät-Hämeen SHP;
Vuosi 2021 Viikko 33;Päijät-Hämeen SHP;
Vuosi 2021 Viikko 34;Päijät-Hämeen SHP;
Vuosi 2021 Viikko 35;Päijät-Hämeen SHP;
Vuosi 2021 Viikko 36;Päijät-Hämeen SHP;
Vuosi 2021 Viikko 37;Päijät-Hämeen SHP;
Vuosi 2021 Viikko 38;Päijät-Hämeen SHP;
Vuosi 2021 Viikko 39;Päijät-Hämeen SHP;
Vuosi 2021 Viikko 40;Päijät-Hämeen SHP;
Vuosi 2021 Viikko 41;Päijät-Hämeen SHP;
Vuosi 2021 Viikko 42;Päijät-Hämeen SHP;
Vuosi 2021 Viikko 43;Päijät-Hämeen SHP;
Vuosi 2021 Viikko 44;Päijät-Hämeen SHP;
Vuosi 2021 Viikko 45;Päijät-Hämeen SHP;
Vuosi 2021 Viikko 46;Päijät-Hämeen SHP;
Vuosi 2021 Viikko 47;Päijät-Hämeen SHP;
Vuosi 2021 Viikko 48;Päijät-Hämeen SHP;
Vuosi 2021 Viikko 49;Päijät-Hämeen SHP;
Vuosi 2021 Viikko 50;Päijät-Hämeen SHP;
Vuosi 2021 Viikko 51;Päijät-Hämeen SHP;
Vuosi 2021 Viikko 52;Päijät-Hämeen SHP;
Aika;Päijät-Hämeen SHP;1038
Vuosi 2020 Viikko 01;Kymenlaakson SHP;0
Vuosi 2020 Viikko 02;Kymenlaakson SHP;0
Vuosi 2020 Viikko 03;Kymenlaakson SHP;0
Vuosi 2020 Viikko 04;Kymenlaakson SHP;0
Vuosi 2020 Viikko 05;Kymenlaakson SHP;0
Vuosi 2020 Viikko 06;Kymenlaakson SHP;0
Vuosi 2020 Viikko 07;Kymenlaakson SHP;0
Vuosi 2020 Viikko 08;Kymenlaakson SHP;0
Vuosi 2020 Viikko 09;Kymenlaakson SHP;0
Vuosi 2020 Viikko 10;Kymenlaakson SHP;0
Vuosi 2020 Viikko 11;Kymenlaakson SHP;1
Vuosi 2020 Viikko 12;Kymenlaakson SHP;6
Vuosi 2020 Viikko 13;Kymenlaakson SHP;7
Vuosi 2020 Viikko 14;Kymenlaakson SHP;11
Vuosi 2020 Viikko 15;Kymenlaakson SHP;5
Vuosi 2020 Viikko 16;Kymenlaakson SHP;2
Vuosi 2020 Viikko 17;Kymenlaakson SHP;3
Vuosi 2020 Viikko 18;Kymenlaakson SHP;3
Vuosi 2020 Viikko 19;Kymenlaakson SHP;3
Vuosi 2020 Viikko 20;Kymenlaakson SHP;2
Vuosi 2020 Viikko 21;Kymenlaakson SHP;0
Vuosi 2020 Viikko 22;Kymenlaakson SHP;1
Vuosi 2020 Viikko 23;Kymenlaakson SHP;1
Vuosi 2020 Viikko 24;Kymenlaakson SHP;1
Vuosi 2020 Viikko 25;Kymenlaakson SHP;2
Vuosi 2020 Viikko 26;Kymenlaakson SHP;1
Vuosi 2020 Viikko 27;Kymenlaakson SHP;2
Vuosi 2020 Viikko 28;Kymenlaakson SHP;0
Vuosi 2020 Viikko 29;Kymenlaakson SHP;0
Vuosi 2020 Viikko 30;Kymenlaakson SHP;4
Vuosi 2020 Viikko 31;Kymenlaakson SHP;1
Vuosi 2020 Viikko 32;Kymenlaakson SHP;1
Vuosi 2020 Viikko 33;Kymenlaakson SHP;1
Vuosi 2020 Viikko 34;Kymenlaakson SHP;2
Vuosi 2020 Viikko 35;Kymenlaakson SHP;1
Vuosi 2020 Viikko 36;Kymenlaakson SHP;0
Vuosi 2020 Viikko 37;Kymenlaakson SHP;11
Vuosi 2020 Viikko 38;Kymenlaakson SHP;8
Vuosi 2020 Viikko 39;Kymenlaakson SHP;10
Vuosi 2020 Viikko 40;Kymenlaakson SHP;8
Vuosi 2020 Viikko 41;Kymenlaakson SHP;3
Vuosi 2020 Viikko 42;Kymenlaakson SHP;18
Vuosi 2020 Viikko 43;Kymenlaakson SHP;46
Vuosi 2020 Viikko 44;Kymenlaakson SHP;44
Vuosi 2020 Viikko 45;Kymenlaakson SHP;24
Vuosi 2020 Viikko 46;Kymenlaakson SHP;28
Vuosi 2020 Viikko 47;Kymenlaakson SHP;46
Vuosi 2020 Viikko 48;Kymenlaakson SHP;54
Vuosi 2020 Viikko 49;Kymenlaakson SHP;66
Vuosi 2020 Viikko 50;Kymenlaakson SHP;47
Vuosi 2020 Viikko 51;Kymenlaakson SHP;24
Vuosi 2020 Viikko 52;Kymenlaakson SHP;20
Vuosi 2020 Viikko 53;Kymenlaakson SHP;56
Vuosi 2021 Viikko 01;Kymenlaakson SHP;70
Vuosi 2021 Viikko 02;Kymenlaakson SHP;4
Vuosi 2021 Viikko 03;Kymenlaakson SHP;
Vuosi 2021 Viikko 04;Kymenlaakson SHP;
Vuosi 2021 Viikko 05;Kymenlaakson SHP;
Vuosi 2021 Viikko 06;Kymenlaakson SHP;
Vuosi 2021 Viikko 07;Kymenlaakson SHP;
Vuosi 2021 Viikko 08;Kymenlaakson SHP;
Vuosi 2021 Viikko 09;Kymenlaakson SHP;
Vuosi 2021 Viikko 10;Kymenlaakson SHP;
Vuosi 2021 Viikko 11;Kymenlaakson SHP;
Vuosi 2021 Viikko 12;Kymenlaakson SHP;
Vuosi 2021 Viikko 13;Kymenlaakson SHP;
Vuosi 2021 Viikko 14;Kymenlaakson SHP;
Vuosi 2021 Viikko 15;Kymenlaakson SHP;
Vuosi 2021 Viikko 16;Kymenlaakson SHP;
Vuosi 2021 Viikko 17;Kymenlaakson SHP;
Vuosi 2021 Viikko 18;Kymenlaakson SHP;
Vuosi 2021 Viikko 19;Kymenlaakson SHP;
Vuosi 2021 Viikko 20;Kymenlaakson SHP;
Vuosi 2021 Viikko 21;Kymenlaakson SHP;
Vuosi 2021 Viikko 22;Kymenlaakson SHP;
Vuosi 2021 Viikko 23;Kymenlaakson SHP;
Vuosi 2021 Viikko 24;Kymenlaakson SHP;
Vuosi 2021 Viikko 25;Kymenlaakson SHP;
Vuosi 2021 Viikko 26;Kymenlaakson SHP;
Vuosi 2021 Viikko 27;Kymenlaakson SHP;
Vuosi 2021 Viikko 28;Kymenlaakson SHP;
Vuosi 2021 Viikko 29;Kymenlaakson SHP;
Vuosi 2021 Viikko 30;Kymenlaakson SHP;
Vuosi 2021 Viikko 31;Kymenlaakson SHP;
Vuosi 2021 Viikko 32;Kymenlaakson SHP;
Vuosi 2021 Viikko 33;Kymenlaakson SHP;
Vuosi 2021 Viikko 34;Kymenlaakson SHP;
Vuosi 2021 Viikko 35;Kymenlaakson SHP;
Vuosi 2021 Viikko 36;Kymenlaakson SHP;
Vuosi 2021 Viikko 37;Kymenlaakson SHP;
Vuosi 2021 Viikko 38;Kymenlaakson SHP;
Vuosi 2021 Viikko 39;Kymenlaakson SHP;
Vuosi 2021 Viikko 40;Kymenlaakson SHP;
Vuosi 2021 Viikko 41;Kymenlaakson SHP;
Vuosi 2021 Viikko 42;Kymenlaakson SHP;
Vuosi 2021 Viikko 43;Kymenlaakson SHP;
Vuosi 2021 Viikko 44;Kymenlaakson SHP;
Vuosi 2021 Viikko 45;Kymenlaakson SHP;
Vuosi 2021 Viikko 46;Kymenlaakson SHP;
Vuosi 2021 Viikko 47;Kymenlaakson SHP;
Vuosi 2021 Viikko 48;Kymenlaakson SHP;
Vuosi 2021 Viikko 49;Kymenlaakson SHP;
Vuosi 2021 Viikko 50;Kymenlaakson SHP;
Vuosi 2021 Viikko 51;Kymenlaakson SHP;
Vuosi 2021 Viikko 52;Kymenlaakson SHP;
Aika;Kymenlaakson SHP;648
Vuosi 2020 Viikko 01;Etelä-Karjalan SHP;0
Vuosi 2020 Viikko 02;Etelä-Karjalan SHP;0
Vuosi 2020 Viikko 03;Etelä-Karjalan SHP;0
Vuosi 2020 Viikko 04;Etelä-Karjalan SHP;0
Vuosi 2020 Viikko 05;Etelä-Karjalan SHP;0
Vuosi 2020 Viikko 06;Etelä-Karjalan SHP;0
Vuosi 2020 Viikko 07;Etelä-Karjalan SHP;0
Vuosi 2020 Viikko 08;Etelä-Karjalan SHP;0
Vuosi 2020 Viikko 09;Etelä-Karjalan SHP;0
Vuosi 2020 Viikko 10;Etelä-Karjalan SHP;1
Vuosi 2020 Viikko 11;Etelä-Karjalan SHP;1
Vuosi 2020 Viikko 12;Etelä-Karjalan SHP;3
Vuosi 2020 Viikko 13;Etelä-Karjalan SHP;3
Vuosi 2020 Viikko 14;Etelä-Karjalan SHP;2
Vuosi 2020 Viikko 15;Etelä-Karjalan SHP;3
Vuosi 2020 Viikko 16;Etelä-Karjalan SHP;0
Vuosi 2020 Viikko 17;Etelä-Karjalan SHP;0
Vuosi 2020 Viikko 18;Etelä-Karjalan SHP;0
Vuosi 2020 Viikko 19;Etelä-Karjalan SHP;4
Vuosi 2020 Viikko 20;Etelä-Karjalan SHP;0
Vuosi 2020 Viikko 21;Etelä-Karjalan SHP;2
Vuosi 2020 Viikko 22;Etelä-Karjalan SHP;4
Vuosi 2020 Viikko 23;Etelä-Karjalan SHP;0
Vuosi 2020 Viikko 24;Etelä-Karjalan SHP;0
Vuosi 2020 Viikko 25;Etelä-Karjalan SHP;0
Vuosi 2020 Viikko 26;Etelä-Karjalan SHP;0
Vuosi 2020 Viikko 27;Etelä-Karjalan SHP;0
Vuosi 2020 Viikko 28;Etelä-Karjalan SHP;0
Vuosi 2020 Viikko 29;Etelä-Karjalan SHP;0
Vuosi 2020 Viikko 30;Etelä-Karjalan SHP;0
Vuosi 2020 Viikko 31;Etelä-Karjalan SHP;0
Vuosi 2020 Viikko 32;Etelä-Karjalan SHP;0
Vuosi 2020 Viikko 33;Etelä-Karjalan SHP;2
Vuosi 2020 Viikko 34;Etelä-Karjalan SHP;1
Vuosi 2020 Viikko 35;Etelä-Karjalan SHP;2
Vuosi 2020 Viikko 36;Etelä-Karjalan SHP;0
Vuosi 2020 Viikko 37;Etelä-Karjalan SHP;0
Vuosi 2020 Viikko 38;Etelä-Karjalan SHP;0
Vuosi 2020 Viikko 39;Etelä-Karjalan SHP;10
Vuosi 2020 Viikko 40;Etelä-Karjalan SHP;9
Vuosi 2020 Viikko 41;Etelä-Karjalan SHP;10
Vuosi 2020 Viikko 42;Etelä-Karjalan SHP;6
Vuosi 2020 Viikko 43;Etelä-Karjalan SHP;10
Vuosi 2020 Viikko 44;Etelä-Karjalan SHP;15
Vuosi 2020 Viikko 45;Etelä-Karjalan SHP;12
Vuosi 2020 Viikko 46;Etelä-Karjalan SHP;11
Vuosi 2020 Viikko 47;Etelä-Karjalan SHP;14
Vuosi 2020 Viikko 48;Etelä-Karjalan SHP;25
Vuosi 2020 Viikko 49;Etelä-Karjalan SHP;24
Vuosi 2020 Viikko 50;Etelä-Karjalan SHP;19
Vuosi 2020 Viikko 51;Etelä-Karjalan SHP;31
Vuosi 2020 Viikko 52;Etelä-Karjalan SHP;16
Vuosi 2020 Viikko 53;Etelä-Karjalan SHP;21
Vuosi 2021 Viikko 01;Etelä-Karjalan SHP;15
Vuosi 2021 Viikko 02;Etelä-Karjalan SHP;1
Vuosi 2021 Viikko 03;Etelä-Karjalan SHP;
Vuosi 2021 Viikko 04;Etelä-Karjalan SHP;
Vuosi 2021 Viikko 05;Etelä-Karjalan SHP;
Vuosi 2021 Viikko 06;Etelä-Karjalan SHP;
Vuosi 2021 Viikko 07;Etelä-Karjalan SHP;
Vuosi 2021 Viikko 08;Etelä-Karjalan SHP;
Vuosi 2021 Viikko 09;Etelä-Karjalan SHP;
Vuosi 2021 Viikko 10;Etelä-Karjalan SHP;
Vuosi 2021 Viikko 11;Etelä-Karjalan SHP;
Vuosi 2021 Viikko 12;Etelä-Karjalan SHP;
Vuosi 2021 Viikko 13;Etelä-Karjalan SHP;
Vuosi 2021 Viikko 14;Etelä-Karjalan SHP;
Vuosi 2021 Viikko 15;Etelä-Karjalan SHP;
Vuosi 2021 Viikko 16;Etelä-Karjalan SHP;
Vuosi 2021 Viikko 17;Etelä-Karjalan SHP;
Vuosi 2021 Viikko 18;Etelä-Karjalan SHP;
Vuosi 2021 Viikko 19;Etelä-Karjalan SHP;
Vuosi 2021 Viikko 20;Etelä-Karjalan SHP;
Vuosi 2021 Viikko 21;Etelä-Karjalan SHP;
Vuosi 2021 Viikko 22;Etelä-Karjalan SHP;
Vuosi 2021 Viikko 23;Etelä-Karjalan SHP;
Vuosi 2021 Viikko 24;Etelä-Karjalan SHP;
Vuosi 2021 Viikko 25;Etelä-Karjalan SHP;
Vuosi 2021 Viikko 26;Etelä-Karjalan SHP;
Vuosi 2021 Viikko 27;Etelä-Karjalan SHP;
Vuosi 2021 Viikko 28;Etelä-Karjalan SHP;
Vuosi 2021 Viikko 29;Etelä-Karjalan SHP;
Vuosi 2021 Viikko 30;Etelä-Karjalan SHP;
Vuosi 2021 Viikko 31;Etelä-Karjalan SHP;
Vuosi 2021 Viikko 32;Etelä-Karjalan SHP;
Vuosi 2021 Viikko 33;Etelä-Karjalan SHP;
Vuosi 2021 Viikko 34;Etelä-Karjalan SHP;
Vuosi 2021 Viikko 35;Etelä-Karjalan SHP;
Vuosi 2021 Viikko 36;Etelä-Karjalan SHP;
Vuosi 2021 Viikko 37;Etelä-Karjalan SHP;
Vuosi 2021 Viikko 38;Etelä-Karjalan SHP;
Vuosi 2021 Viikko 39;Etelä-Karjalan SHP;
Vuosi 2021 Viikko 40;Etelä-Karjalan SHP;
Vuosi 2021 Viikko 41;Etelä-Karjalan SHP;
Vuosi 2021 Viikko 42;Etelä-Karjalan SHP;
Vuosi 2021 Viikko 43;Etelä-Karjalan SHP;
Vuosi 2021 Viikko 44;Etelä-Karjalan SHP;
Vuosi 2021 Viikko 45;Etelä-Karjalan SHP;
Vuosi 2021 Viikko 46;Etelä-Karjalan SHP;
Vuosi 2021 Viikko 47;Etelä-Karjalan SHP;
Vuosi 2021 Viikko 48;Etelä-Karjalan SHP;
Vuosi 2021 Viikko 49;Etelä-Karjalan SHP;
Vuosi 2021 Viikko 50;Etelä-Karjalan SHP;
Vuosi 2021 Viikko 51;Etelä-Karjalan SHP;
Vuosi 2021 Viikko 52;Etelä-Karjalan SHP;
Aika;Etelä-Karjalan SHP;277
Vuosi 2020 Viikko 01;Etelä-Savon SHP;0
Vuosi 2020 Viikko 02;Etelä-Savon SHP;0
Vuosi 2020 Viikko 03;Etelä-Savon SHP;0
Vuosi 2020 Viikko 04;Etelä-Savon SHP;0
Vuosi 2020 Viikko 05;Etelä-Savon SHP;0
Vuosi 2020 Viikko 06;Etelä-Savon SHP;0
Vuosi 2020 Viikko 07;Etelä-Savon SHP;0
Vuosi 2020 Viikko 08;Etelä-Savon SHP;0
Vuosi 2020 Viikko 09;Etelä-Savon SHP;0
Vuosi 2020 Viikko 10;Etelä-Savon SHP;0
Vuosi 2020 Viikko 11;Etelä-Savon SHP;5
Vuosi 2020 Viikko 12;Etelä-Savon SHP;5
Vuosi 2020 Viikko 13;Etelä-Savon SHP;15
Vuosi 2020 Viikko 14;Etelä-Savon SHP;7
Vuosi 2020 Viikko 15;Etelä-Savon SHP;9
Vuosi 2020 Viikko 16;Etelä-Savon SHP;3
Vuosi 2020 Viikko 17;Etelä-Savon SHP;1
Vuosi 2020 Viikko 18;Etelä-Savon SHP;0
Vuosi 2020 Viikko 19;Etelä-Savon SHP;2
Vuosi 2020 Viikko 20;Etelä-Savon SHP;3
Vuosi 2020 Viikko 21;Etelä-Savon SHP;3
Vuosi 2020 Viikko 22;Etelä-Savon SHP;0
Vuosi 2020 Viikko 23;Etelä-Savon SHP;0
Vuosi 2020 Viikko 24;Etelä-Savon SHP;0
Vuosi 2020 Viikko 25;Etelä-Savon SHP;0
Vuosi 2020 Viikko 26;Etelä-Savon SHP;0
Vuosi 2020 Viikko 27;Etelä-Savon SHP;0
Vuosi 2020 Viikko 28;Etelä-Savon SHP;0
Vuosi 2020 Viikko 29;Etelä-Savon SHP;0
Vuosi 2020 Viikko 30;Etelä-Savon SHP;0
Vuosi 2020 Viikko 31;Etelä-Savon SHP;1
Vuosi 2020 Viikko 32;Etelä-Savon SHP;1
Vuosi 2020 Viikko 33;Etelä-Savon SHP;0
Vuosi 2020 Viikko 34;Etelä-Savon SHP;1
Vuosi 2020 Viikko 35;Etelä-Savon SHP;0
Vuosi 2020 Viikko 36;Etelä-Savon SHP;0
Vuosi 2020 Viikko 37;Etelä-Savon SHP;33
Vuosi 2020 Viikko 38;Etelä-Savon SHP;15
Vuosi 2020 Viikko 39;Etelä-Savon SHP;20
Vuosi 2020 Viikko 40;Etelä-Savon SHP;13
Vuosi 2020 Viikko 41;Etelä-Savon SHP;9
Vuosi 2020 Viikko 42;Etelä-Savon SHP;7
Vuosi 2020 Viikko 43;Etelä-Savon SHP;2
Vuosi 2020 Viikko 44;Etelä-Savon SHP;3
Vuosi 2020 Viikko 45;Etelä-Savon SHP;2
Vuosi 2020 Viikko 46;Etelä-Savon SHP;84
Vuosi 2020 Viikko 47;Etelä-Savon SHP;10
Vuosi 2020 Viikko 48;Etelä-Savon SHP;18
Vuosi 2020 Viikko 49;Etelä-Savon SHP;104
Vuosi 2020 Viikko 50;Etelä-Savon SHP;60
Vuosi 2020 Viikko 51;Etelä-Savon SHP;50
Vuosi 2020 Viikko 52;Etelä-Savon SHP;13
Vuosi 2020 Viikko 53;Etelä-Savon SHP;6
Vuosi 2021 Viikko 01;Etelä-Savon SHP;8
Vuosi 2021 Viikko 02;Etelä-Savon SHP;1
Vuosi 2021 Viikko 03;Etelä-Savon SHP;
Vuosi 2021 Viikko 04;Etelä-Savon SHP;
Vuosi 2021 Viikko 05;Etelä-Savon SHP;
Vuosi 2021 Viikko 06;Etelä-Savon SHP;
Vuosi 2021 Viikko 07;Etelä-Savon SHP;
Vuosi 2021 Viikko 08;Etelä-Savon SHP;
Vuosi 2021 Viikko 09;Etelä-Savon SHP;
Vuosi 2021 Viikko 10;Etelä-Savon SHP;
Vuosi 2021 Viikko 11;Etelä-Savon SHP;
Vuosi 2021 Viikko 12;Etelä-Savon SHP;
Vuosi 2021 Viikko 13;Etelä-Savon SHP;
Vuosi 2021 Viikko 14;Etelä-Savon SHP;
Vuosi 2021 Viikko 15;Etelä-Savon SHP;
Vuosi 2021 Viikko 16;Etelä-Savon SHP;
Vuosi 2021 Viikko 17;Etelä-Savon SHP;
Vuosi 2021 Viikko 18;Etelä-Savon SHP;
Vuosi 2021 Viikko 19;Etelä-Savon SHP;
Vuosi 2021 Viikko 20;Etelä-Savon SHP;
Vuosi 2021 Viikko 21;Etelä-Savon SHP;
Vuosi 2021 Viikko 22;Etelä-Savon SHP;
Vuosi 2021 Viikko 23;Etelä-Savon SHP;
Vuosi 2021 Viikko 24;Etelä-Savon SHP;
Vuosi 2021 Viikko 25;Etelä-Savon SHP;
Vuosi 2021 Viikko 26;Etelä-Savon SHP;
Vuosi 2021 Viikko 27;Etelä-Savon SHP;
Vuosi 2021 Viikko 28;Etelä-Savon SHP;
Vuosi 2021 Viikko 29;Etelä-Savon SHP;
Vuosi 2021 Viikko 30;Etelä-Savon SHP;
Vuosi 2021 Viikko 31;Etelä-Savon SHP;
Vuosi 2021 Viikko 32;Etelä-Savon SHP;
Vuosi 2021 Viikko 33;Etelä-Savon SHP;
Vuosi 2021 Viikko 34;Etelä-Savon SHP;
Vuosi 2021 Viikko 35;Etelä-Savon SHP;
Vuosi 2021 Viikko 36;Etelä-Savon SHP;
Vuosi 2021 Viikko 37;Etelä-Savon SHP;
Vuosi 2021 Viikko 38;Etelä-Savon SHP;
Vuosi 2021 Viikko 39;Etelä-Savon SHP;
Vuosi 2021 Viikko 40;Etelä-Savon SHP;
Vuosi 2021 Viikko 41;Etelä-Savon SHP;
Vuosi 2021 Viikko 42;Etelä-Savon SHP;
Vuosi 2021 Viikko 43;Etelä-Savon SHP;
Vuosi 2021 Viikko 44;Etelä-Savon SHP;
Vuosi 2021 Viikko 45;Etelä-Savon SHP;
Vuosi 2021 Viikko 46;Etelä-Savon SHP;
Vuosi 2021 Viikko 47;Etelä-Savon SHP;
Vuosi 2021 Viikko 48;Etelä-Savon SHP;
Vuosi 2021 Viikko 49;Etelä-Savon SHP;
Vuosi 2021 Viikko 50;Etelä-Savon SHP;
Vuosi 2021 Viikko 51;Etelä-Savon SHP;
Vuosi 2021 Viikko 52;Etelä-Savon SHP;
Aika;Etelä-Savon SHP;514
Vuosi 2020 Viikko 01;Itä-Savon SHP;0
Vuosi 2020 Viikko 02;Itä-Savon SHP;0
Vuosi 2020 Viikko 03;Itä-Savon SHP;0
Vuosi 2020 Viikko 04;Itä-Savon SHP;0
Vuosi 2020 Viikko 05;Itä-Savon SHP;0
Vuosi 2020 Viikko 06;Itä-Savon SHP;0
Vuosi 2020 Viikko 07;Itä-Savon SHP;0
Vuosi 2020 Viikko 08;Itä-Savon SHP;0
Vuosi 2020 Viikko 09;Itä-Savon SHP;0
Vuosi 2020 Viikko 10;Itä-Savon SHP;0
Vuosi 2020 Viikko 11;Itä-Savon SHP;0
Vuosi 2020 Viikko 12;Itä-Savon SHP;1
Vuosi 2020 Viikko 13;Itä-Savon SHP;1
Vuosi 2020 Viikko 14;Itä-Savon SHP;7
Vuosi 2020 Viikko 15;Itä-Savon SHP;0
Vuosi 2020 Viikko 16;Itä-Savon SHP;1
Vuosi 2020 Viikko 17;Itä-Savon SHP;0
Vuosi 2020 Viikko 18;Itä-Savon SHP;0
Vuosi 2020 Viikko 19;Itä-Savon SHP;0
Vuosi 2020 Viikko 20;Itä-Savon SHP;0
Vuosi 2020 Viikko 21;Itä-Savon SHP;3
Vuosi 2020 Viikko 22;Itä-Savon SHP;0
Vuosi 2020 Viikko 23;Itä-Savon SHP;0
Vuosi 2020 Viikko 24;Itä-Savon SHP;0
Vuosi 2020 Viikko 25;Itä-Savon SHP;0
Vuosi 2020 Viikko 26;Itä-Savon SHP;0
Vuosi 2020 Viikko 27;Itä-Savon SHP;0
Vuosi 2020 Viikko 28;Itä-Savon SHP;0
Vuosi 2020 Viikko 29;Itä-Savon SHP;0
Vuosi 2020 Viikko 30;Itä-Savon SHP;0
Vuosi 2020 Viikko 31;Itä-Savon SHP;0
Vuosi 2020 Viikko 32;Itä-Savon SHP;0
Vuosi 2020 Viikko 33;Itä-Savon SHP;0
Vuosi 2020 Viikko 34;Itä-Savon SHP;1
Vuosi 2020 Viikko 35;Itä-Savon SHP;0
Vuosi 2020 Viikko 36;Itä-Savon SHP;0
Vuosi 2020 Viikko 37;Itä-Savon SHP;0
Vuosi 2020 Viikko 38;Itä-Savon SHP;1
Vuosi 2020 Viikko 39;Itä-Savon SHP;0
Vuosi 2020 Viikko 40;Itä-Savon SHP;5
Vuosi 2020 Viikko 41;Itä-Savon SHP;1
Vuosi 2020 Viikko 42;Itä-Savon SHP;1
Vuosi 2020 Viikko 43;Itä-Savon SHP;0
Vuosi 2020 Viikko 44;Itä-Savon SHP;14
Vuosi 2020 Viikko 45;Itä-Savon SHP;1
Vuosi 2020 Viikko 46;Itä-Savon SHP;0
Vuosi 2020 Viikko 47;Itä-Savon SHP;3
Vuosi 2020 Viikko 48;Itä-Savon SHP;2
Vuosi 2020 Viikko 49;Itä-Savon SHP;4
Vuosi 2020 Viikko 50;Itä-Savon SHP;3
Vuosi 2020 Viikko 51;Itä-Savon SHP;0
Vuosi 2020 Viikko 52;Itä-Savon SHP;3
Vuosi 2020 Viikko 53;Itä-Savon SHP;5
Vuosi 2021 Viikko 01;Itä-Savon SHP;2
Vuosi 2021 Viikko 02;Itä-Savon SHP;1
Vuosi 2021 Viikko 03;Itä-Savon SHP;
Vuosi 2021 Viikko 04;Itä-Savon SHP;
Vuosi 2021 Viikko 05;Itä-Savon SHP;
Vuosi 2021 Viikko 06;Itä-Savon SHP;
Vuosi 2021 Viikko 07;Itä-Savon SHP;
Vuosi 2021 Viikko 08;Itä-Savon SHP;
Vuosi 2021 Viikko 09;Itä-Savon SHP;
Vuosi 2021 Viikko 10;Itä-Savon SHP;
Vuosi 2021 Viikko 11;Itä-Savon SHP;
Vuosi 2021 Viikko 12;Itä-Savon SHP;
Vuosi 2021 Viikko 13;Itä-Savon SHP;
Vuosi 2021 Viikko 14;Itä-Savon SHP;
Vuosi 2021 Viikko 15;Itä-Savon SHP;
Vuosi 2021 Viikko 16;Itä-Savon SHP;
Vuosi 2021 Viikko 17;Itä-Savon SHP;
Vuosi 2021 Viikko 18;Itä-Savon SHP;
Vuosi 2021 Viikko 19;Itä-Savon SHP;
Vuosi 2021 Viikko 20;Itä-Savon SHP;
Vuosi 2021 Viikko 21;Itä-Savon SHP;
Vuosi 2021 Viikko 22;Itä-Savon SHP;
Vuosi 2021 Viikko 23;Itä-Savon SHP;
Vuosi 2021 Viikko 24;Itä-Savon SHP;
Vuosi 2021 Viikko 25;Itä-Savon SHP;
Vuosi 2021 Viikko 26;Itä-Savon SHP;
Vuosi 2021 Viikko 27;Itä-Savon SHP;
Vuosi 2021 Viikko 28;Itä-Savon SHP;
Vuosi 2021 Viikko 29;Itä-Savon SHP;
Vuosi 2021 Viikko 30;Itä-Savon SHP;
Vuosi 2021 Viikko 31;Itä-Savon SHP;
Vuosi 2021 Viikko 32;Itä-Savon SHP;
Vuosi 2021 Viikko 33;Itä-Savon SHP;
Vuosi 2021 Viikko 34;Itä-Savon SHP;
Vuosi 2021 Viikko 35;Itä-Savon SHP;
Vuosi 2021 Viikko 36;Itä-Savon SHP;
Vuosi 2021 Viikko 37;Itä-Savon SHP;
Vuosi 2021 Viikko 38;Itä-Savon SHP;
Vuosi 2021 Viikko 39;Itä-Savon SHP;
Vuosi 2021 Viikko 40;Itä-Savon SHP;
Vuosi 2021 Viikko 41;Itä-Savon SHP;
Vuosi 2021 Viikko 42;Itä-Savon SHP;
Vuosi 2021 Viikko 43;Itä-Savon SHP;
Vuosi 2021 Viikko 44;Itä-Savon SHP;
Vuosi 2021 Viikko 45;Itä-Savon SHP;
Vuosi 2021 Viikko 46;Itä-Savon SHP;
Vuosi 2021 Viikko 47;Itä-Savon SHP;
Vuosi 2021 Viikko 48;Itä-Savon SHP;
Vuosi 2021 Viikko 49;Itä-Savon SHP;
Vuosi 2021 Viikko 50;Itä-Savon SHP;
Vuosi 2021 Viikko 51;Itä-Savon SHP;
Vuosi 2021 Viikko 52;Itä-Savon SHP;
Aika;Itä-Savon SHP;60
Vuosi 2020 Viikko 01;Pohjois-Karjalan SHP;0
Vuosi 2020 Viikko 02;Pohjois-Karjalan SHP;0
Vuosi 2020 Viikko 03;Pohjois-Karjalan SHP;0
Vuosi 2020 Viikko 04;Pohjois-Karjalan SHP;0
Vuosi 2020 Viikko 05;Pohjois-Karjalan SHP;0
Vuosi 2020 Viikko 06;Pohjois-Karjalan SHP;0
Vuosi 2020 Viikko 07;Pohjois-Karjalan SHP;0
Vuosi 2020 Viikko 08;Pohjois-Karjalan SHP;0
Vuosi 2020 Viikko 09;Pohjois-Karjalan SHP;0
Vuosi 2020 Viikko 10;Pohjois-Karjalan SHP;1
Vuosi 2020 Viikko 11;Pohjois-Karjalan SHP;2
Vuosi 2020 Viikko 12;Pohjois-Karjalan SHP;4
Vuosi 2020 Viikko 13;Pohjois-Karjalan SHP;5
Vuosi 2020 Viikko 14;Pohjois-Karjalan SHP;2
Vuosi 2020 Viikko 15;Pohjois-Karjalan SHP;6
Vuosi 2020 Viikko 16;Pohjois-Karjalan SHP;4
Vuosi 2020 Viikko 17;Pohjois-Karjalan SHP;1
Vuosi 2020 Viikko 18;Pohjois-Karjalan SHP;0
Vuosi 2020 Viikko 19;Pohjois-Karjalan SHP;0
Vuosi 2020 Viikko 20;Pohjois-Karjalan SHP;0
Vuosi 2020 Viikko 21;Pohjois-Karjalan SHP;0
Vuosi 2020 Viikko 22;Pohjois-Karjalan SHP;0
Vuosi 2020 Viikko 23;Pohjois-Karjalan SHP;0
Vuosi 2020 Viikko 24;Pohjois-Karjalan SHP;0
Vuosi 2020 Viikko 25;Pohjois-Karjalan SHP;3
Vuosi 2020 Viikko 26;Pohjois-Karjalan SHP;0
Vuosi 2020 Viikko 27;Pohjois-Karjalan SHP;0
Vuosi 2020 Viikko 28;Pohjois-Karjalan SHP;0
Vuosi 2020 Viikko 29;Pohjois-Karjalan SHP;1
Vuosi 2020 Viikko 30;Pohjois-Karjalan SHP;0
Vuosi 2020 Viikko 31;Pohjois-Karjalan SHP;0
Vuosi 2020 Viikko 32;Pohjois-Karjalan SHP;0
Vuosi 2020 Viikko 33;Pohjois-Karjalan SHP;0
Vuosi 2020 Viikko 34;Pohjois-Karjalan SHP;0
Vuosi 2020 Viikko 35;Pohjois-Karjalan SHP;1
Vuosi 2020 Viikko 36;Pohjois-Karjalan SHP;3
Vuosi 2020 Viikko 37;Pohjois-Karjalan SHP;1
Vuosi 2020 Viikko 38;Pohjois-Karjalan SHP;0
Vuosi 2020 Viikko 39;Pohjois-Karjalan SHP;30
Vuosi 2020 Viikko 40;Pohjois-Karjalan SHP;22
Vuosi 2020 Viikko 41;Pohjois-Karjalan SHP;18
Vuosi 2020 Viikko 42;Pohjois-Karjalan SHP;11
Vuosi 2020 Viikko 43;Pohjois-Karjalan SHP;3
Vuosi 2020 Viikko 44;Pohjois-Karjalan SHP;5
Vuosi 2020 Viikko 45;Pohjois-Karjalan SHP;12
Vuosi 2020 Viikko 46;Pohjois-Karjalan SHP;10
Vuosi 2020 Viikko 47;Pohjois-Karjalan SHP;57
Vuosi 2020 Viikko 48;Pohjois-Karjalan SHP;50
Vuosi 2020 Viikko 49;Pohjois-Karjalan SHP;32
Vuosi 2020 Viikko 50;Pohjois-Karjalan SHP;36
Vuosi 2020 Viikko 51;Pohjois-Karjalan SHP;29
Vuosi 2020 Viikko 52;Pohjois-Karjalan SHP;17
Vuosi 2020 Viikko 53;Pohjois-Karjalan SHP;36
Vuosi 2021 Viikko 01;Pohjois-Karjalan SHP;12
Vuosi 2021 Viikko 02;Pohjois-Karjalan SHP;10
Vuosi 2021 Viikko 03;Pohjois-Karjalan SHP;
Vuosi 2021 Viikko 04;Pohjois-Karjalan SHP;
Vuosi 2021 Viikko 05;Pohjois-Karjalan SHP;
Vuosi 2021 Viikko 06;Pohjois-Karjalan SHP;
Vuosi 2021 Viikko 07;Pohjois-Karjalan SHP;
Vuosi 2021 Viikko 08;Pohjois-Karjalan SHP;
Vuosi 2021 Viikko 09;Pohjois-Karjalan SHP;
Vuosi 2021 Viikko 10;Pohjois-Karjalan SHP;
Vuosi 2021 Viikko 11;Pohjois-Karjalan SHP;
Vuosi 2021 Viikko 12;Pohjois-Karjalan SHP;
Vuosi 2021 Viikko 13;Pohjois-Karjalan SHP;
Vuosi 2021 Viikko 14;Pohjois-Karjalan SHP;
Vuosi 2021 Viikko 15;Pohjois-Karjalan SHP;
Vuosi 2021 Viikko 16;Pohjois-Karjalan SHP;
Vuosi 2021 Viikko 17;Pohjois-Karjalan SHP;
Vuosi 2021 Viikko 18;Pohjois-Karjalan SHP;
Vuosi 2021 Viikko 19;Pohjois-Karjalan SHP;
Vuosi 2021 Viikko 20;Pohjois-Karjalan SHP;
Vuosi 2021 Viikko 21;Pohjois-Karjalan SHP;
Vuosi 2021 Viikko 22;Pohjois-Karjalan SHP;
Vuosi 2021 Viikko 23;Pohjois-Karjalan SHP;
Vuosi 2021 Viikko 24;Pohjois-Karjalan SHP;
Vuosi 2021 Viikko 25;Pohjois-Karjalan SHP;
Vuosi 2021 Viikko 26;Pohjois-Karjalan SHP;
Vuosi 2021 Viikko 27;Pohjois-Karjalan SHP;
Vuosi 2021 Viikko 28;Pohjois-Karjalan SHP;
Vuosi 2021 Viikko 29;Pohjois-Karjalan SHP;
Vuosi 2021 Viikko 30;Pohjois-Karjalan SHP;
Vuosi 2021 Viikko 31;Pohjois-Karjalan SHP;
Vuosi 2021 Viikko 32;Pohjois-Karjalan SHP;
Vuosi 2021 Viikko 33;Pohjois-Karjalan SHP;
Vuosi 2021 Viikko 34;Pohjois-Karjalan SHP;
Vuosi 2021 Viikko 35;Pohjois-Karjalan SHP;
Vuosi 2021 Viikko 36;Pohjois-Karjalan SHP;
Vuosi 2021 Viikko 37;Pohjois-Karjalan SHP;
Vuosi 2021 Viikko 38;Pohjois-Karjalan SHP;
Vuosi 2021 Viikko 39;Pohjois-Karjalan SHP;
Vuosi 2021 Viikko 40;Pohjois-Karjalan SHP;
Vuosi 2021 Viikko 41;Pohjois-Karjalan SHP;
Vuosi 2021 Viikko 42;Pohjois-Karjalan SHP;
Vuosi 2021 Viikko 43;Pohjois-Karjalan SHP;
Vuosi 2021 Viikko 44;Pohjois-Karjalan SHP;
Vuosi 2021 Viikko 45;Pohjois-Karjalan SHP;
Vuosi 2021 Viikko 46;Pohjois-Karjalan SHP;
Vuosi 2021 Viikko 47;Pohjois-Karjalan SHP;
Vuosi 2021 Viikko 48;Pohjois-Karjalan SHP;
Vuosi 2021 Viikko 49;Pohjois-Karjalan SHP;
Vuosi 2021 Viikko 50;Pohjois-Karjalan SHP;
Vuosi 2021 Viikko 51;Pohjois-Karjalan SHP;
Vuosi 2021 Viikko 52;Pohjois-Karjalan SHP;
Aika;Pohjois-Karjalan SHP;424
Vuosi 2020 Viikko 01;Pohjois-Savon SHP;0
Vuosi 2020 Viikko 02;Pohjois-Savon SHP;0
Vuosi 2020 Viikko 03;Pohjois-Savon SHP;0
Vuosi 2020 Viikko 04;Pohjois-Savon SHP;0
Vuosi 2020 Viikko 05;Pohjois-Savon SHP;0
Vuosi 2020 Viikko 06;Pohjois-Savon SHP;0
Vuosi 2020 Viikko 07;Pohjois-Savon SHP;0
Vuosi 2020 Viikko 08;Pohjois-Savon SHP;0
Vuosi 2020 Viikko 09;Pohjois-Savon SHP;0
Vuosi 2020 Viikko 10;Pohjois-Savon SHP;3
Vuosi 2020 Viikko 11;Pohjois-Savon SHP;1
Vuosi 2020 Viikko 12;Pohjois-Savon SHP;9
Vuosi 2020 Viikko 13;Pohjois-Savon SHP;26
Vuosi 2020 Viikko 14;Pohjois-Savon SHP;37
Vuosi 2020 Viikko 15;Pohjois-Savon SHP;34
Vuosi 2020 Viikko 16;Pohjois-Savon SHP;12
Vuosi 2020 Viikko 17;Pohjois-Savon SHP;1
Vuosi 2020 Viikko 18;Pohjois-Savon SHP;4
Vuosi 2020 Viikko 19;Pohjois-Savon SHP;6
Vuosi 2020 Viikko 20;Pohjois-Savon SHP;4
Vuosi 2020 Viikko 21;Pohjois-Savon SHP;0
Vuosi 2020 Viikko 22;Pohjois-Savon SHP;1
Vuosi 2020 Viikko 23;Pohjois-Savon SHP;0
Vuosi 2020 Viikko 24;Pohjois-Savon SHP;0
Vuosi 2020 Viikko 25;Pohjois-Savon SHP;0
Vuosi 2020 Viikko 26;Pohjois-Savon SHP;0
Vuosi 2020 Viikko 27;Pohjois-Savon SHP;0
Vuosi 2020 Viikko 28;Pohjois-Savon SHP;0
Vuosi 2020 Viikko 29;Pohjois-Savon SHP;0
Vuosi 2020 Viikko 30;Pohjois-Savon SHP;0
Vuosi 2020 Viikko 31;Pohjois-Savon SHP;0
Vuosi 2020 Viikko 32;Pohjois-Savon SHP;1
Vuosi 2020 Viikko 33;Pohjois-Savon SHP;0
Vuosi 2020 Viikko 34;Pohjois-Savon SHP;4
Vuosi 2020 Viikko 35;Pohjois-Savon SHP;4
Vuosi 2020 Viikko 36;Pohjois-Savon SHP;0
Vuosi 2020 Viikko 37;Pohjois-Savon SHP;2
Vuosi 2020 Viikko 38;Pohjois-Savon SHP;10
Vuosi 2020 Viikko 39;Pohjois-Savon SHP;21
Vuosi 2020 Viikko 40;Pohjois-Savon SHP;18
Vuosi 2020 Viikko 41;Pohjois-Savon SHP;7
Vuosi 2020 Viikko 42;Pohjois-Savon SHP;11
Vuosi 2020 Viikko 43;Pohjois-Savon SHP;50
Vuosi 2020 Viikko 44;Pohjois-Savon SHP;21
Vuosi 2020 Viikko 45;Pohjois-Savon SHP;35
Vuosi 2020 Viikko 46;Pohjois-Savon SHP;13
Vuosi 2020 Viikko 47;Pohjois-Savon SHP;45
Vuosi 2020 Viikko 48;Pohjois-Savon SHP;37
Vuosi 2020 Viikko 49;Pohjois-Savon SHP;26
Vuosi 2020 Viikko 50;Pohjois-Savon SHP;29
Vuosi 2020 Viikko 51;Pohjois-Savon SHP;18
Vuosi 2020 Viikko 52;Pohjois-Savon SHP;20
Vuosi 2020 Viikko 53;Pohjois-Savon SHP;18
Vuosi 2021 Viikko 01;Pohjois-Savon SHP;26
Vuosi 2021 Viikko 02;Pohjois-Savon SHP;6
Vuosi 2021 Viikko 03;Pohjois-Savon SHP;
Vuosi 2021 Viikko 04;Pohjois-Savon SHP;
Vuosi 2021 Viikko 05;Pohjois-Savon SHP;
Vuosi 2021 Viikko 06;Pohjois-Savon SHP;
Vuosi 2021 Viikko 07;Pohjois-Savon SHP;
Vuosi 2021 Viikko 08;Pohjois-Savon SHP;
Vuosi 2021 Viikko 09;Pohjois-Savon SHP;
Vuosi 2021 Viikko 10;Pohjois-Savon SHP;
Vuosi 2021 Viikko 11;Pohjois-Savon SHP;
Vuosi 2021 Viikko 12;Pohjois-Savon SHP;
Vuosi 2021 Viikko 13;Pohjois-Savon SHP;
Vuosi 2021 Viikko 14;Pohjois-Savon SHP;
Vuosi 2021 Viikko 15;Pohjois-Savon SHP;
Vuosi 2021 Viikko 16;Pohjois-Savon SHP;
Vuosi 2021 Viikko 17;Pohjois-Savon SHP;
Vuosi 2021 Viikko 18;Pohjois-Savon SHP;
Vuosi 2021 Viikko 19;Pohjois-Savon SHP;
Vuosi 2021 Viikko 20;Pohjois-Savon SHP;
Vuosi 2021 Viikko 21;Pohjois-Savon SHP;
Vuosi 2021 Viikko 22;Pohjois-Savon SHP;
Vuosi 2021 Viikko 23;Pohjois-Savon SHP;
Vuosi 2021 Viikko 24;Pohjois-Savon SHP;
Vuosi 2021 Viikko 25;Pohjois-Savon SHP;
Vuosi 2021 Viikko 26;Pohjois-Savon SHP;
Vuosi 2021 Viikko 27;Pohjois-Savon SHP;
Vuosi 2021 Viikko 28;Pohjois-Savon SHP;
Vuosi 2021 Viikko 29;Pohjois-Savon SHP;
Vuosi 2021 Viikko 30;Pohjois-Savon SHP;
Vuosi 2021 Viikko 31;Pohjois-Savon SHP;
Vuosi 2021 Viikko 32;Pohjois-Savon SHP;
Vuosi 2021 Viikko 33;Pohjois-Savon SHP;
Vuosi 2021 Viikko 34;Pohjois-Savon SHP;
Vuosi 2021 Viikko 35;Pohjois-Savon SHP;
Vuosi 2021 Viikko 36;Pohjois-Savon SHP;
Vuosi 2021 Viikko 37;Pohjois-Savon SHP;
Vuosi 2021 Viikko 38;Pohjois-Savon SHP;
Vuosi 2021 Viikko 39;Pohjois-Savon SHP;
Vuosi 2021 Viikko 40;Pohjois-Savon SHP;
Vuosi 2021 Viikko 41;Pohjois-Savon SHP;
Vuosi 2021 Viikko 42;Pohjois-Savon SHP;
Vuosi 2021 Viikko 43;Pohjois-Savon SHP;
Vuosi 2021 Viikko 44;Pohjois-Savon SHP;
Vuosi 2021 Viikko 45;Pohjois-Savon SHP;
Vuosi 2021 Viikko 46;Pohjois-Savon SHP;
Vuosi 2021 Viikko 47;Pohjois-Savon SHP;
Vuosi 2021 Viikko 48;Pohjois-Savon SHP;
Vuosi 2021 Viikko 49;Pohjois-Savon SHP;
Vuosi 2021 Viikko 50;Pohjois-Savon SHP;
Vuosi 2021 Viikko 51;Pohjois-Savon SHP;
Vuosi 2021 Viikko 52;Pohjois-Savon SHP;
Aika;Pohjois-Savon SHP;560
Vuosi 2020 Viikko 01;Keski-Suomen SHP;0
Vuosi 2020 Viikko 02;Keski-Suomen SHP;0
Vuosi 2020 Viikko 03;Keski-Suomen SHP;0
Vuosi 2020 Viikko 04;Keski-Suomen SHP;0
Vuosi 2020 Viikko 05;Keski-Suomen SHP;0
Vuosi 2020 Viikko 06;Keski-Suomen SHP;0
Vuosi 2020 Viikko 07;Keski-Suomen SHP;0
Vuosi 2020 Viikko 08;Keski-Suomen SHP;0
Vuosi 2020 Viikko 09;Keski-Suomen SHP;0
Vuosi 2020 Viikko 10;Keski-Suomen SHP;1
Vuosi 2020 Viikko 11;Keski-Suomen SHP;12
Vuosi 2020 Viikko 12;Keski-Suomen SHP;15
Vuosi 2020 Viikko 13;Keski-Suomen SHP;30
Vuosi 2020 Viikko 14;Keski-Suomen SHP;34
Vuosi 2020 Viikko 15;Keski-Suomen SHP;17
Vuosi 2020 Viikko 16;Keski-Suomen SHP;9
Vuosi 2020 Viikko 17;Keski-Suomen SHP;9
Vuosi 2020 Viikko 18;Keski-Suomen SHP;1
Vuosi 2020 Viikko 19;Keski-Suomen SHP;3
Vuosi 2020 Viikko 20;Keski-Suomen SHP;0
Vuosi 2020 Viikko 21;Keski-Suomen SHP;1
Vuosi 2020 Viikko 22;Keski-Suomen SHP;2
Vuosi 2020 Viikko 23;Keski-Suomen SHP;1
Vuosi 2020 Viikko 24;Keski-Suomen SHP;0
Vuosi 2020 Viikko 25;Keski-Suomen SHP;0
Vuosi 2020 Viikko 26;Keski-Suomen SHP;0
Vuosi 2020 Viikko 27;Keski-Suomen SHP;1
Vuosi 2020 Viikko 28;Keski-Suomen SHP;1
Vuosi 2020 Viikko 29;Keski-Suomen SHP;3
Vuosi 2020 Viikko 30;Keski-Suomen SHP;0
Vuosi 2020 Viikko 31;Keski-Suomen SHP;2
Vuosi 2020 Viikko 32;Keski-Suomen SHP;3
Vuosi 2020 Viikko 33;Keski-Suomen SHP;6
Vuosi 2020 Viikko 34;Keski-Suomen SHP;12
Vuosi 2020 Viikko 35;Keski-Suomen SHP;12
Vuosi 2020 Viikko 36;Keski-Suomen SHP;31
Vuosi 2020 Viikko 37;Keski-Suomen SHP;46
Vuosi 2020 Viikko 38;Keski-Suomen SHP;66
Vuosi 2020 Viikko 39;Keski-Suomen SHP;51
Vuosi 2020 Viikko 40;Keski-Suomen SHP;29
Vuosi 2020 Viikko 41;Keski-Suomen SHP;90
Vuosi 2020 Viikko 42;Keski-Suomen SHP;90
Vuosi 2020 Viikko 43;Keski-Suomen SHP;49
Vuosi 2020 Viikko 44;Keski-Suomen SHP;36
Vuosi 2020 Viikko 45;Keski-Suomen SHP;15
Vuosi 2020 Viikko 46;Keski-Suomen SHP;23
Vuosi 2020 Viikko 47;Keski-Suomen SHP;69
Vuosi 2020 Viikko 48;Keski-Suomen SHP;102
Vuosi 2020 Viikko 49;Keski-Suomen SHP;81
Vuosi 2020 Viikko 50;Keski-Suomen SHP;113
Vuosi 2020 Viikko 51;Keski-Suomen SHP;82
Vuosi 2020 Viikko 52;Keski-Suomen SHP;47
Vuosi 2020 Viikko 53;Keski-Suomen SHP;77
Vuosi 2021 Viikko 01;Keski-Suomen SHP;32
Vuosi 2021 Viikko 02;Keski-Suomen SHP;3
Vuosi 2021 Viikko 03;Keski-Suomen SHP;
Vuosi 2021 Viikko 04;Keski-Suomen SHP;
Vuosi 2021 Viikko 05;Keski-Suomen SHP;
Vuosi 2021 Viikko 06;Keski-Suomen SHP;
Vuosi 2021 Viikko 07;Keski-Suomen SHP;
Vuosi 2021 Viikko 08;Keski-Suomen SHP;
Vuosi 2021 Viikko 09;Keski-Suomen SHP;
Vuosi 2021 Viikko 10;Keski-Suomen SHP;
Vuosi 2021 Viikko 11;Keski-Suomen SHP;
Vuosi 2021 Viikko 12;Keski-Suomen SHP;
Vuosi 2021 Viikko 13;Keski-Suomen SHP;
Vuosi 2021 Viikko 14;Keski-Suomen SHP;
Vuosi 2021 Viikko 15;Keski-Suomen SHP;
Vuosi 2021 Viikko 16;Keski-Suomen SHP;
Vuosi 2021 Viikko 17;Keski-Suomen SHP;
Vuosi 2021 Viikko 18;Keski-Suomen SHP;
Vuosi 2021 Viikko 19;Keski-Suomen SHP;
Vuosi 2021 Viikko 20;Keski-Suomen SHP;
Vuosi 2021 Viikko 21;Keski-Suomen SHP;
Vuosi 2021 Viikko 22;Keski-Suomen SHP;
Vuosi 2021 Viikko 23;Keski-Suomen SHP;
Vuosi 2021 Viikko 24;Keski-Suomen SHP;
Vuosi 2021 Viikko 25;Keski-Suomen SHP;
Vuosi 2021 Viikko 26;Keski-Suomen SHP;
Vuosi 2021 Viikko 27;Keski-Suomen SHP;
Vuosi 2021 Viikko 28;Keski-Suomen SHP;
Vuosi 2021 Viikko 29;Keski-Suomen SHP;
Vuosi 2021 Viikko 30;Keski-Suomen SHP;
Vuosi 2021 Viikko 31;Keski-Suomen SHP;
Vuosi 2021 Viikko 32;Keski-Suomen SHP;
Vuosi 2021 Viikko 33;Keski-Suomen SHP;
Vuosi 2021 Viikko 34;Keski-Suomen SHP;
Vuosi 2021 Viikko 35;Keski-Suomen SHP;
Vuosi 2021 Viikko 36;Keski-Suomen SHP;
Vuosi 2021 Viikko 37;Keski-Suomen SHP;
Vuosi 2021 Viikko 38;Keski-Suomen SHP;
Vuosi 2021 Viikko 39;Keski-Suomen SHP;
Vuosi 2021 Viikko 40;Keski-Suomen SHP;
Vuosi 2021 Viikko 41;Keski-Suomen SHP;
Vuosi 2021 Viikko 42;Keski-Suomen SHP;
Vuosi 2021 Viikko 43;Keski-Suomen SHP;
Vuosi 2021 Viikko 44;Keski-Suomen SHP;
Vuosi 2021 Viikko 45;Keski-Suomen SHP;
Vuosi 2021 Viikko 46;Keski-Suomen SHP;
Vuosi 2021 Viikko 47;Keski-Suomen SHP;
Vuosi 2021 Viikko 48;Keski-Suomen SHP;
Vuosi 2021 Viikko 49;Keski-Suomen SHP;
Vuosi 2021 Viikko 50;Keski-Suomen SHP;
Vuosi 2021 Viikko 51;Keski-Suomen SHP;
Vuosi 2021 Viikko 52;Keski-Suomen SHP;
Aika;Keski-Suomen SHP;1307
Vuosi 2020 Viikko 01;Etelä-Pohjanmaan SHP;0
Vuosi 2020 Viikko 02;Etelä-Pohjanmaan SHP;0
Vuosi 2020 Viikko 03;Etelä-Pohjanmaan SHP;0
Vuosi 2020 Viikko 04;Etelä-Pohjanmaan SHP;0
Vuosi 2020 Viikko 05;Etelä-Pohjanmaan SHP;0
Vuosi 2020 Viikko 06;Etelä-Pohjanmaan SHP;0
Vuosi 2020 Viikko 07;Etelä-Pohjanmaan SHP;0
Vuosi 2020 Viikko 08;Etelä-Pohjanmaan SHP;0
Vuosi 2020 Viikko 09;Etelä-Pohjanmaan SHP;0
Vuosi 2020 Viikko 10;Etelä-Pohjanmaan SHP;0
Vuosi 2020 Viikko 11;Etelä-Pohjanmaan SHP;5
Vuosi 2020 Viikko 12;Etelä-Pohjanmaan SHP;1
Vuosi 2020 Viikko 13;Etelä-Pohjanmaan SHP;7
Vuosi 2020 Viikko 14;Etelä-Pohjanmaan SHP;13
Vuosi 2020 Viikko 15;Etelä-Pohjanmaan SHP;7
Vuosi 2020 Viikko 16;Etelä-Pohjanmaan SHP;4
Vuosi 2020 Viikko 17;Etelä-Pohjanmaan SHP;0
Vuosi 2020 Viikko 18;Etelä-Pohjanmaan SHP;0
Vuosi 2020 Viikko 19;Etelä-Pohjanmaan SHP;6
Vuosi 2020 Viikko 20;Etelä-Pohjanmaan SHP;2
Vuosi 2020 Viikko 21;Etelä-Pohjanmaan SHP;1
Vuosi 2020 Viikko 22;Etelä-Pohjanmaan SHP;0
Vuosi 2020 Viikko 23;Etelä-Pohjanmaan SHP;0
Vuosi 2020 Viikko 24;Etelä-Pohjanmaan SHP;0
Vuosi 2020 Viikko 25;Etelä-Pohjanmaan SHP;0
Vuosi 2020 Viikko 26;Etelä-Pohjanmaan SHP;0
Vuosi 2020 Viikko 27;Etelä-Pohjanmaan SHP;0
Vuosi 2020 Viikko 28;Etelä-Pohjanmaan SHP;0
Vuosi 2020 Viikko 29;Etelä-Pohjanmaan SHP;1
Vuosi 2020 Viikko 30;Etelä-Pohjanmaan SHP;1
Vuosi 2020 Viikko 31;Etelä-Pohjanmaan SHP;1
Vuosi 2020 Viikko 32;Etelä-Pohjanmaan SHP;0
Vuosi 2020 Viikko 33;Etelä-Pohjanmaan SHP;1
Vuosi 2020 Viikko 34;Etelä-Pohjanmaan SHP;7
Vuosi 2020 Viikko 35;Etelä-Pohjanmaan SHP;1
Vuosi 2020 Viikko 36;Etelä-Pohjanmaan SHP;3
Vuosi 2020 Viikko 37;Etelä-Pohjanmaan SHP;2
Vuosi 2020 Viikko 38;Etelä-Pohjanmaan SHP;0
Vuosi 2020 Viikko 39;Etelä-Pohjanmaan SHP;8
Vuosi 2020 Viikko 40;Etelä-Pohjanmaan SHP;29
Vuosi 2020 Viikko 41;Etelä-Pohjanmaan SHP;27
Vuosi 2020 Viikko 42;Etelä-Pohjanmaan SHP;11
Vuosi 2020 Viikko 43;Etelä-Pohjanmaan SHP;8
Vuosi 2020 Viikko 44;Etelä-Pohjanmaan SHP;11
Vuosi 2020 Viikko 45;Etelä-Pohjanmaan SHP;8
Vuosi 2020 Viikko 46;Etelä-Pohjanmaan SHP;19
Vuosi 2020 Viikko 47;Etelä-Pohjanmaan SHP;62
Vuosi 2020 Viikko 48;Etelä-Pohjanmaan SHP;52
Vuosi 2020 Viikko 49;Etelä-Pohjanmaan SHP;42
Vuosi 2020 Viikko 50;Etelä-Pohjanmaan SHP;37
Vuosi 2020 Viikko 51;Etelä-Pohjanmaan SHP;10
Vuosi 2020 Viikko 52;Etelä-Pohjanmaan SHP;10
Vuosi 2020 Viikko 53;Etelä-Pohjanmaan SHP;7
Vuosi 2021 Viikko 01;Etelä-Pohjanmaan SHP;12
Vuosi 2021 Viikko 02;Etelä-Pohjanmaan SHP;1
Vuosi 2021 Viikko 03;Etelä-Pohjanmaan SHP;
Vuosi 2021 Viikko 04;Etelä-Pohjanmaan SHP;
Vuosi 2021 Viikko 05;Etelä-Pohjanmaan SHP;
Vuosi 2021 Viikko 06;Etelä-Pohjanmaan SHP;
Vuosi 2021 Viikko 07;Etelä-Pohjanmaan SHP;
Vuosi 2021 Viikko 08;Etelä-Pohjanmaan SHP;
Vuosi 2021 Viikko 09;Etelä-Pohjanmaan SHP;
Vuosi 2021 Viikko 10;Etelä-Pohjanmaan SHP;
Vuosi 2021 Viikko 11;Etelä-Pohjanmaan SHP;
Vuosi 2021 Viikko 12;Etelä-Pohjanmaan SHP;
Vuosi 2021 Viikko 13;Etelä-Pohjanmaan SHP;
Vuosi 2021 Viikko 14;Etelä-Pohjanmaan SHP;
Vuosi 2021 Viikko 15;Etelä-Pohjanmaan SHP;
Vuosi 2021 Viikko 16;Etelä-Pohjanmaan SHP;
Vuosi 2021 Viikko 17;Etelä-Pohjanmaan SHP;
Vuosi 2021 Viikko 18;Etelä-Pohjanmaan SHP;
Vuosi 2021 Viikko 19;Etelä-Pohjanmaan SHP;
Vuosi 2021 Viikko 20;Etelä-Pohjanmaan SHP;
Vuosi 2021 Viikko 21;Etelä-Pohjanmaan SHP;
Vuosi 2021 Viikko 22;Etelä-Pohjanmaan SHP;
Vuosi 2021 Viikko 23;Etelä-Pohjanmaan SHP;
Vuosi 2021 Viikko 24;Etelä-Pohjanmaan SHP;
Vuosi 2021 Viikko 25;Etelä-Pohjanmaan SHP;
Vuosi 2021 Viikko 26;Etelä-Pohjanmaan SHP;
Vuosi 2021 Viikko 27;Etelä-Pohjanmaan SHP;
Vuosi 2021 Viikko 28;Etelä-Pohjanmaan SHP;
Vuosi 2021 Viikko 29;Etelä-Pohjanmaan SHP;
Vuosi 2021 Viikko 30;Etelä-Pohjanmaan SHP;
Vuosi 2021 Viikko 31;Etelä-Pohjanmaan SHP;
Vuosi 2021 Viikko 32;Etelä-Pohjanmaan SHP;
Vuosi 2021 Viikko 33;Etelä-Pohjanmaan SHP;
Vuosi 2021 Viikko 34;Etelä-Pohjanmaan SHP;
Vuosi 2021 Viikko 35;Etelä-Pohjanmaan SHP;
Vuosi 2021 Viikko 36;Etelä-Pohjanmaan SHP;
Vuosi 2021 Viikko 37;Etelä-Pohjanmaan SHP;
Vuosi 2021 Viikko 38;Etelä-Pohjanmaan SHP;
Vuosi 2021 Viikko 39;Etelä-Pohjanmaan SHP;
Vuosi 2021 Viikko 40;Etelä-Pohjanmaan SHP;
Vuosi 2021 Viikko 41;Etelä-Pohjanmaan SHP;
Vuosi 2021 Viikko 42;Etelä-Pohjanmaan SHP;
Vuosi 2021 Viikko 43;Etelä-Pohjanmaan SHP;
Vuosi 2021 Viikko 44;Etelä-Pohjanmaan SHP;
Vuosi 2021 Viikko 45;Etelä-Pohjanmaan SHP;
Vuosi 2021 Viikko 46;Etelä-Pohjanmaan SHP;
Vuosi 2021 Viikko 47;Etelä-Pohjanmaan SHP;
Vuosi 2021 Viikko 48;Etelä-Pohjanmaan SHP;
Vuosi 2021 Viikko 49;Etelä-Pohjanmaan SHP;
Vuosi 2021 Viikko 50;Etelä-Pohjanmaan SHP;
Vuosi 2021 Viikko 51;Etelä-Pohjanmaan SHP;
Vuosi 2021 Viikko 52;Etelä-Pohjanmaan SHP;
Aika;Etelä-Pohjanmaan SHP;417
Vuosi 2020 Viikko 01;Vaasan SHP;0
Vuosi 2020 Viikko 02;Vaasan SHP;0
Vuosi 2020 Viikko 03;Vaasan SHP;0
Vuosi 2020 Viikko 04;Vaasan SHP;0
Vuosi 2020 Viikko 05;Vaasan SHP;0
Vuosi 2020 Viikko 06;Vaasan SHP;0
Vuosi 2020 Viikko 07;Vaasan SHP;0
Vuosi 2020 Viikko 08;Vaasan SHP;0
Vuosi 2020 Viikko 09;Vaasan SHP;0
Vuosi 2020 Viikko 10;Vaasan SHP;0
Vuosi 2020 Viikko 11;Vaasan SHP;3
Vuosi 2020 Viikko 12;Vaasan SHP;13
Vuosi 2020 Viikko 13;Vaasan SHP;7
Vuosi 2020 Viikko 14;Vaasan SHP;9
Vuosi 2020 Viikko 15;Vaasan SHP;9
Vuosi 2020 Viikko 16;Vaasan SHP;7
Vuosi 2020 Viikko 17;Vaasan SHP;2
Vuosi 2020 Viikko 18;Vaasan SHP;4
Vuosi 2020 Viikko 19;Vaasan SHP;1
Vuosi 2020 Viikko 20;Vaasan SHP;1
Vuosi 2020 Viikko 21;Vaasan SHP;1
Vuosi 2020 Viikko 22;Vaasan SHP;1
Vuosi 2020 Viikko 23;Vaasan SHP;0
Vuosi 2020 Viikko 24;Vaasan SHP;1
Vuosi 2020 Viikko 25;Vaasan SHP;0
Vuosi 2020 Viikko 26;Vaasan SHP;0
Vuosi 2020 Viikko 27;Vaasan SHP;0
Vuosi 2020 Viikko 28;Vaasan SHP;1
Vuosi 2020 Viikko 29;Vaasan SHP;0
Vuosi 2020 Viikko 30;Vaasan SHP;0
Vuosi 2020 Viikko 31;Vaasan SHP;1
Vuosi 2020 Viikko 32;Vaasan SHP;3
Vuosi 2020 Viikko 33;Vaasan SHP;6
Vuosi 2020 Viikko 34;Vaasan SHP;3
Vuosi 2020 Viikko 35;Vaasan SHP;0
Vuosi 2020 Viikko 36;Vaasan SHP;1
Vuosi 2020 Viikko 37;Vaasan SHP;2
Vuosi 2020 Viikko 38;Vaasan SHP;6
Vuosi 2020 Viikko 39;Vaasan SHP;14
Vuosi 2020 Viikko 40;Vaasan SHP;192
Vuosi 2020 Viikko 41;Vaasan SHP;429
Vuosi 2020 Viikko 42;Vaasan SHP;156
Vuosi 2020 Viikko 43;Vaasan SHP;69
Vuosi 2020 Viikko 44;Vaasan SHP;63
Vuosi 2020 Viikko 45;Vaasan SHP;24
Vuosi 2020 Viikko 46;Vaasan SHP;39
Vuosi 2020 Viikko 47;Vaasan SHP;25
Vuosi 2020 Viikko 48;Vaasan SHP;14
Vuosi 2020 Viikko 49;Vaasan SHP;40
Vuosi 2020 Viikko 50;Vaasan SHP;40
Vuosi 2020 Viikko 51;Vaasan SHP;79
Vuosi 2020 Viikko 52;Vaasan SHP;20
Vuosi 2020 Viikko 53;Vaasan SHP;45
Vuosi 2021 Viikko 01;Vaasan SHP;57
Vuosi 2021 Viikko 02;Vaasan SHP;0
Vuosi 2021 Viikko 03;Vaasan SHP;
Vuosi 2021 Viikko 04;Vaasan SHP;
Vuosi 2021 Viikko 05;Vaasan SHP;
Vuosi 2021 Viikko 06;Vaasan SHP;
Vuosi 2021 Viikko 07;Vaasan SHP;
Vuosi 2021 Viikko 08;Vaasan SHP;
Vuosi 2021 Viikko 09;Vaasan SHP;
Vuosi 2021 Viikko 10;Vaasan SHP;
Vuosi 2021 Viikko 11;Vaasan SHP;
Vuosi 2021 Viikko 12;Vaasan SHP;
Vuosi 2021 Viikko 13;Vaasan SHP;
Vuosi 2021 Viikko 14;Vaasan SHP;
Vuosi 2021 Viikko 15;Vaasan SHP;
Vuosi 2021 Viikko 16;Vaasan SHP;
Vuosi 2021 Viikko 17;Vaasan SHP;
Vuosi 2021 Viikko 18;Vaasan SHP;
Vuosi 2021 Viikko 19;Vaasan SHP;
Vuosi 2021 Viikko 20;Vaasan SHP;
Vuosi 2021 Viikko 21;Vaasan SHP;
Vuosi 2021 Viikko 22;Vaasan SHP;
Vuosi 2021 Viikko 23;Vaasan SHP;
Vuosi 2021 Viikko 24;Vaasan SHP;
Vuosi 2021 Viikko 25;Vaasan SHP;
Vuosi 2021 Viikko 26;Vaasan SHP;
Vuosi 2021 Viikko 27;Vaasan SHP;
Vuosi 2021 Viikko 28;Vaasan SHP;
Vuosi 2021 Viikko 29;Vaasan SHP;
Vuosi 2021 Viikko 30;Vaasan SHP;
Vuosi 2021 Viikko 31;Vaasan SHP;
Vuosi 2021 Viikko 32;Vaasan SHP;
Vuosi 2021 Viikko 33;Vaasan SHP;
Vuosi 2021 Viikko 34;Vaasan SHP;
Vuosi 2021 Viikko 35;Vaasan SHP;
Vuosi 2021 Viikko 36;Vaasan SHP;
Vuosi 2021 Viikko 37;Vaasan SHP;
Vuosi 2021 Viikko 38;Vaasan SHP;
Vuosi 2021 Viikko 39;Vaasan SHP;
Vuosi 2021 Viikko 40;Vaasan SHP;
Vuosi 2021 Viikko 41;Vaasan SHP;
Vuosi 2021 Viikko 42;Vaasan SHP;
Vuosi 2021 Viikko 43;Vaasan SHP;
Vuosi 2021 Viikko 44;Vaasan SHP;
Vuosi 2021 Viikko 45;Vaasan SHP;
Vuosi 2021 Viikko 46;Vaasan SHP;
Vuosi 2021 Viikko 47;Vaasan SHP;
Vuosi 2021 Viikko 48;Vaasan SHP;
Vuosi 2021 Viikko 49;Vaasan SHP;
Vuosi 2021 Viikko 50;Vaasan SHP;
Vuosi 2021 Viikko 51;Vaasan SHP;
Vuosi 2021 Viikko 52;Vaasan SHP;
Aika;Vaasan SHP;1388
Vuosi 2020 Viikko 01;Keski-Pohjanmaan SHP;0
Vuosi 2020 Viikko 02;Keski-Pohjanmaan SHP;0
Vuosi 2020 Viikko 03;Keski-Pohjanmaan SHP;0
Vuosi 2020 Viikko 04;Keski-Pohjanmaan SHP;0
Vuosi 2020 Viikko 05;Keski-Pohjanmaan SHP;0
Vuosi 2020 Viikko 06;Keski-Pohjanmaan SHP;0
Vuosi 2020 Viikko 07;Keski-Pohjanmaan SHP;0
Vuosi 2020 Viikko 08;Keski-Pohjanmaan SHP;0
Vuosi 2020 Viikko 09;Keski-Pohjanmaan SHP;1
Vuosi 2020 Viikko 10;Keski-Pohjanmaan SHP;0
Vuosi 2020 Viikko 11;Keski-Pohjanmaan SHP;2
Vuosi 2020 Viikko 12;Keski-Pohjanmaan SHP;1
Vuosi 2020 Viikko 13;Keski-Pohjanmaan SHP;1
Vuosi 2020 Viikko 14;Keski-Pohjanmaan SHP;4
Vuosi 2020 Viikko 15;Keski-Pohjanmaan SHP;5
Vuosi 2020 Viikko 16;Keski-Pohjanmaan SHP;0
Vuosi 2020 Viikko 17;Keski-Pohjanmaan SHP;0
Vuosi 2020 Viikko 18;Keski-Pohjanmaan SHP;0
Vuosi 2020 Viikko 19;Keski-Pohjanmaan SHP;6
Vuosi 2020 Viikko 20;Keski-Pohjanmaan SHP;0
Vuosi 2020 Viikko 21;Keski-Pohjanmaan SHP;0
Vuosi 2020 Viikko 22;Keski-Pohjanmaan SHP;3
Vuosi 2020 Viikko 23;Keski-Pohjanmaan SHP;5
Vuosi 2020 Viikko 24;Keski-Pohjanmaan SHP;0
Vuosi 2020 Viikko 25;Keski-Pohjanmaan SHP;0
Vuosi 2020 Viikko 26;Keski-Pohjanmaan SHP;0
Vuosi 2020 Viikko 27;Keski-Pohjanmaan SHP;0
Vuosi 2020 Viikko 28;Keski-Pohjanmaan SHP;0
Vuosi 2020 Viikko 29;Keski-Pohjanmaan SHP;0
Vuosi 2020 Viikko 30;Keski-Pohjanmaan SHP;0
Vuosi 2020 Viikko 31;Keski-Pohjanmaan SHP;0
Vuosi 2020 Viikko 32;Keski-Pohjanmaan SHP;0
Vuosi 2020 Viikko 33;Keski-Pohjanmaan SHP;0
Vuosi 2020 Viikko 34;Keski-Pohjanmaan SHP;0
Vuosi 2020 Viikko 35;Keski-Pohjanmaan SHP;0
Vuosi 2020 Viikko 36;Keski-Pohjanmaan SHP;0
Vuosi 2020 Viikko 37;Keski-Pohjanmaan SHP;6
Vuosi 2020 Viikko 38;Keski-Pohjanmaan SHP;3
Vuosi 2020 Viikko 39;Keski-Pohjanmaan SHP;3
Vuosi 2020 Viikko 40;Keski-Pohjanmaan SHP;8
Vuosi 2020 Viikko 41;Keski-Pohjanmaan SHP;14
Vuosi 2020 Viikko 42;Keski-Pohjanmaan SHP;6
Vuosi 2020 Viikko 43;Keski-Pohjanmaan SHP;3
Vuosi 2020 Viikko 44;Keski-Pohjanmaan SHP;5
Vuosi 2020 Viikko 45;Keski-Pohjanmaan SHP;7
Vuosi 2020 Viikko 46;Keski-Pohjanmaan SHP;12
Vuosi 2020 Viikko 47;Keski-Pohjanmaan SHP;7
Vuosi 2020 Viikko 48;Keski-Pohjanmaan SHP;14
Vuosi 2020 Viikko 49;Keski-Pohjanmaan SHP;10
Vuosi 2020 Viikko 50;Keski-Pohjanmaan SHP;3
Vuosi 2020 Viikko 51;Keski-Pohjanmaan SHP;1
Vuosi 2020 Viikko 52;Keski-Pohjanmaan SHP;4
Vuosi 2020 Viikko 53;Keski-Pohjanmaan SHP;4
Vuosi 2021 Viikko 01;Keski-Pohjanmaan SHP;2
Vuosi 2021 Viikko 02;Keski-Pohjanmaan SHP;1
Vuosi 2021 Viikko 03;Keski-Pohjanmaan SHP;
Vuosi 2021 Viikko 04;Keski-Pohjanmaan SHP;
Vuosi 2021 Viikko 05;Keski-Pohjanmaan SHP;
Vuosi 2021 Viikko 06;Keski-Pohjanmaan SHP;
Vuosi 2021 Viikko 07;Keski-Pohjanmaan SHP;
Vuosi 2021 Viikko 08;Keski-Pohjanmaan SHP;
Vuosi 2021 Viikko 09;Keski-Pohjanmaan SHP;
Vuosi 2021 Viikko 10;Keski-Pohjanmaan SHP;
Vuosi 2021 Viikko 11;Keski-Pohjanmaan SHP;
Vuosi 2021 Viikko 12;Keski-Pohjanmaan SHP;
Vuosi 2021 Viikko 13;Keski-Pohjanmaan SHP;
Vuosi 2021 Viikko 14;Keski-Pohjanmaan SHP;
Vuosi 2021 Viikko 15;Keski-Pohjanmaan SHP;
Vuosi 2021 Viikko 16;Keski-Pohjanmaan SHP;
Vuosi 2021 Viikko 17;Keski-Pohjanmaan SHP;
Vuosi 2021 Viikko 18;Keski-Pohjanmaan SHP;
Vuosi 2021 Viikko 19;Keski-Pohjanmaan SHP;
Vuosi 2021 Viikko 20;Keski-Pohjanmaan SHP;
Vuosi 2021 Viikko 21;Keski-Pohjanmaan SHP;
Vuosi 2021 Viikko 22;Keski-Pohjanmaan SHP;
Vuosi 2021 Viikko 23;Keski-Pohjanmaan SHP;
Vuosi 2021 Viikko 24;Keski-Pohjanmaan SHP;
Vuosi 2021 Viikko 25;Keski-Pohjanmaan SHP;
Vuosi 2021 Viikko 26;Keski-Pohjanmaan SHP;
Vuosi 2021 Viikko 27;Keski-Pohjanmaan SHP;
Vuosi 2021 Viikko 28;Keski-Pohjanmaan SHP;
Vuosi 2021 Viikko 29;Keski-Pohjanmaan SHP;
Vuosi 2021 Viikko 30;Keski-Pohjanmaan SHP;
Vuosi 2021 Viikko 31;Keski-Pohjanmaan SHP;
Vuosi 2021 Viikko 32;Keski-Pohjanmaan SHP;
Vuosi 2021 Viikko 33;Keski-Pohjanmaan SHP;
Vuosi 2021 Viikko 34;Keski-Pohjanmaan SHP;
Vuosi 2021 Viikko 35;Keski-Pohjanmaan SHP;
Vuosi 2021 Viikko 36;Keski-Pohjanmaan SHP;
Vuosi 2021 Viikko 37;Keski-Pohjanmaan SHP;
Vuosi 2021 Viikko 38;Keski-Pohjanmaan SHP;
Vuosi 2021 Viikko 39;Keski-Pohjanmaan SHP;
Vuosi 2021 Viikko 40;Keski-Pohjanmaan SHP;
Vuosi 2021 Viikko 41;Keski-Pohjanmaan SHP;
Vuosi 2021 Viikko 42;Keski-Pohjanmaan SHP;
Vuosi 2021 Viikko 43;Keski-Pohjanmaan SHP;
Vuosi 2021 Viikko 44;Keski-Pohjanmaan SHP;
Vuosi 2021 Viikko 45;Keski-Pohjanmaan SHP;
Vuosi 2021 Viikko 46;Keski-Pohjanmaan SHP;
Vuosi 2021 Viikko 47;Keski-Pohjanmaan SHP;
Vuosi 2021 Viikko 48;Keski-Pohjanmaan SHP;
Vuosi 2021 Viikko 49;Keski-Pohjanmaan SHP;
Vuosi 2021 Viikko 50;Keski-Pohjanmaan SHP;
Vuosi 2021 Viikko 51;Keski-Pohjanmaan SHP;
Vuosi 2021 Viikko 52;Keski-Pohjanmaan SHP;
Aika;Keski-Pohjanmaan SHP;141
Vuosi 2020 Viikko 01;Pohjois-Pohjanmaan SHP;0
Vuosi 2020 Viikko 02;Pohjois-Pohjanmaan SHP;0
Vuosi 2020 Viikko 03;Pohjois-Pohjanmaan SHP;0
Vuosi 2020 Viikko 04;Pohjois-Pohjanmaan SHP;0
Vuosi 2020 Viikko 05;Pohjois-Pohjanmaan SHP;0
Vuosi 2020 Viikko 06;Pohjois-Pohjanmaan SHP;0
Vuosi 2020 Viikko 07;Pohjois-Pohjanmaan SHP;0
Vuosi 2020 Viikko 08;Pohjois-Pohjanmaan SHP;0
Vuosi 2020 Viikko 09;Pohjois-Pohjanmaan SHP;0
Vuosi 2020 Viikko 10;Pohjois-Pohjanmaan SHP;1
Vuosi 2020 Viikko 11;Pohjois-Pohjanmaan SHP;28
Vuosi 2020 Viikko 12;Pohjois-Pohjanmaan SHP;13
Vuosi 2020 Viikko 13;Pohjois-Pohjanmaan SHP;21
Vuosi 2020 Viikko 14;Pohjois-Pohjanmaan SHP;25
Vuosi 2020 Viikko 15;Pohjois-Pohjanmaan SHP;17
Vuosi 2020 Viikko 16;Pohjois-Pohjanmaan SHP;8
Vuosi 2020 Viikko 17;Pohjois-Pohjanmaan SHP;10
Vuosi 2020 Viikko 18;Pohjois-Pohjanmaan SHP;5
Vuosi 2020 Viikko 19;Pohjois-Pohjanmaan SHP;2
Vuosi 2020 Viikko 20;Pohjois-Pohjanmaan SHP;2
Vuosi 2020 Viikko 21;Pohjois-Pohjanmaan SHP;1
Vuosi 2020 Viikko 22;Pohjois-Pohjanmaan SHP;1
Vuosi 2020 Viikko 23;Pohjois-Pohjanmaan SHP;0
Vuosi 2020 Viikko 24;Pohjois-Pohjanmaan SHP;1
Vuosi 2020 Viikko 25;Pohjois-Pohjanmaan SHP;1
Vuosi 2020 Viikko 26;Pohjois-Pohjanmaan SHP;1
Vuosi 2020 Viikko 27;Pohjois-Pohjanmaan SHP;1
Vuosi 2020 Viikko 28;Pohjois-Pohjanmaan SHP;8
Vuosi 2020 Viikko 29;Pohjois-Pohjanmaan SHP;0
Vuosi 2020 Viikko 30;Pohjois-Pohjanmaan SHP;3
Vuosi 2020 Viikko 31;Pohjois-Pohjanmaan SHP;0
Vuosi 2020 Viikko 32;Pohjois-Pohjanmaan SHP;6
Vuosi 2020 Viikko 33;Pohjois-Pohjanmaan SHP;3
Vuosi 2020 Viikko 34;Pohjois-Pohjanmaan SHP;7
Vuosi 2020 Viikko 35;Pohjois-Pohjanmaan SHP;6
Vuosi 2020 Viikko 36;Pohjois-Pohjanmaan SHP;12
Vuosi 2020 Viikko 37;Pohjois-Pohjanmaan SHP;7
Vuosi 2020 Viikko 38;Pohjois-Pohjanmaan SHP;4
Vuosi 2020 Viikko 39;Pohjois-Pohjanmaan SHP;10
Vuosi 2020 Viikko 40;Pohjois-Pohjanmaan SHP;23
Vuosi 2020 Viikko 41;Pohjois-Pohjanmaan SHP;21
Vuosi 2020 Viikko 42;Pohjois-Pohjanmaan SHP;25
Vuosi 2020 Viikko 43;Pohjois-Pohjanmaan SHP;87
Vuosi 2020 Viikko 44;Pohjois-Pohjanmaan SHP;89
Vuosi 2020 Viikko 45;Pohjois-Pohjanmaan SHP;65
Vuosi 2020 Viikko 46;Pohjois-Pohjanmaan SHP;59
Vuosi 2020 Viikko 47;Pohjois-Pohjanmaan SHP;113
Vuosi 2020 Viikko 48;Pohjois-Pohjanmaan SHP;311
Vuosi 2020 Viikko 49;Pohjois-Pohjanmaan SHP;224
Vuosi 2020 Viikko 50;Pohjois-Pohjanmaan SHP;136
Vuosi 2020 Viikko 51;Pohjois-Pohjanmaan SHP;67
Vuosi 2020 Viikko 52;Pohjois-Pohjanmaan SHP;51
Vuosi 2020 Viikko 53;Pohjois-Pohjanmaan SHP;121
Vuosi 2021 Viikko 01;Pohjois-Pohjanmaan SHP;153
Vuosi 2021 Viikko 02;Pohjois-Pohjanmaan SHP;30
Vuosi 2021 Viikko 03;Pohjois-Pohjanmaan SHP;
Vuosi 2021 Viikko 04;Pohjois-Pohjanmaan SHP;
Vuosi 2021 Viikko 05;Pohjois-Pohjanmaan SHP;
Vuosi 2021 Viikko 06;Pohjois-Pohjanmaan SHP;
Vuosi 2021 Viikko 07;Pohjois-Pohjanmaan SHP;
Vuosi 2021 Viikko 08;Pohjois-Pohjanmaan SHP;
Vuosi 2021 Viikko 09;Pohjois-Pohjanmaan SHP;
Vuosi 2021 Viikko 10;Pohjois-Pohjanmaan SHP;
Vuosi 2021 Viikko 11;Pohjois-Pohjanmaan SHP;
Vuosi 2021 Viikko 12;Pohjois-Pohjanmaan SHP;
Vuosi 2021 Viikko 13;Pohjois-Pohjanmaan SHP;
Vuosi 2021 Viikko 14;Pohjois-Pohjanmaan SHP;
Vuosi 2021 Viikko 15;Pohjois-Pohjanmaan SHP;
Vuosi 2021 Viikko 16;Pohjois-Pohjanmaan SHP;
Vuosi 2021 Viikko 17;Pohjois-Pohjanmaan SHP;
Vuosi 2021 Viikko 18;Pohjois-Pohjanmaan SHP;
Vuosi 2021 Viikko 19;Pohjois-Pohjanmaan SHP;
Vuosi 2021 Viikko 20;Pohjois-Pohjanmaan SHP;
Vuosi 2021 Viikko 21;Pohjois-Pohjanmaan SHP;
Vuosi 2021 Viikko 22;Pohjois-Pohjanmaan SHP;
Vuosi 2021 Viikko 23;Pohjois-Pohjanmaan SHP;
Vuosi 2021 Viikko 24;Pohjois-Pohjanmaan SHP;
Vuosi 2021 Viikko 25;Pohjois-Pohjanmaan SHP;
Vuosi 2021 Viikko 26;Pohjois-Pohjanmaan SHP;
Vuosi 2021 Viikko 27;Pohjois-Pohjanmaan SHP;
Vuosi 2021 Viikko 28;Pohjois-Pohjanmaan SHP;
Vuosi 2021 Viikko 29;Pohjois-Pohjanmaan SHP;
Vuosi 2021 Viikko 30;Pohjois-Pohjanmaan SHP;
Vuosi 2021 Viikko 31;Pohjois-Pohjanmaan SHP;
Vuosi 2021 Viikko 32;Pohjois-Pohjanmaan SHP;
Vuosi 2021 Viikko 33;Pohjois-Pohjanmaan SHP;
Vuosi 2021 Viikko 34;Pohjois-Pohjanmaan SHP;
Vuosi 2021 Viikko 35;Pohjois-Pohjanmaan SHP;
Vuosi 2021 Viikko 36;Pohjois-Pohjanmaan SHP;
Vuosi 2021 Viikko 37;Pohjois-Pohjanmaan SHP;
Vuosi 2021 Viikko 38;Pohjois-Pohjanmaan SHP;
Vuosi 2021 Viikko 39;Pohjois-Pohjanmaan SHP;
Vuosi 2021 Viikko 40;Pohjois-Pohjanmaan SHP;
Vuosi 2021 Viikko 41;Pohjois-Pohjanmaan SHP;
Vuosi 2021 Viikko 42;Pohjois-Pohjanmaan SHP;
Vuosi 2021 Viikko 43;Pohjois-Pohjanmaan SHP;
Vuosi 2021 Viikko 44;Pohjois-Pohjanmaan SHP;
Vuosi 2021 Viikko 45;Pohjois-Pohjanmaan SHP;
Vuosi 2021 Viikko 46;Pohjois-Pohjanmaan SHP;
Vuosi 2021 Viikko 47;Pohjois-Pohjanmaan SHP;
Vuosi 2021 Viikko 48;Pohjois-Pohjanmaan SHP;
Vuosi 2021 Viikko 49;Pohjois-Pohjanmaan SHP;
Vuosi 2021 Viikko 50;Pohjois-Pohjanmaan SHP;
Vuosi 2021 Viikko 51;Pohjois-Pohjanmaan SHP;
Vuosi 2021 Viikko 52;Pohjois-Pohjanmaan SHP;
Aika;Pohjois-Pohjanmaan SHP;1779
Vuosi 2020 Viikko 01;Kainuun SHP;0
Vuosi 2020 Viikko 02;Kainuun SHP;0
Vuosi 2020 Viikko 03;Kainuun SHP;0
Vuosi 2020 Viikko 04;Kainuun SHP;0
Vuosi 2020 Viikko 05;Kainuun SHP;0
Vuosi 2020 Viikko 06;Kainuun SHP;0
Vuosi 2020 Viikko 07;Kainuun SHP;0
Vuosi 2020 Viikko 08;Kainuun SHP;0
Vuosi 2020 Viikko 09;Kainuun SHP;0
Vuosi 2020 Viikko 10;Kainuun SHP;0
Vuosi 2020 Viikko 11;Kainuun SHP;0
Vuosi 2020 Viikko 12;Kainuun SHP;4
Vuosi 2020 Viikko 13;Kainuun SHP;11
Vuosi 2020 Viikko 14;Kainuun SHP;19
Vuosi 2020 Viikko 15;Kainuun SHP;10
Vuosi 2020 Viikko 16;Kainuun SHP;4
Vuosi 2020 Viikko 17;Kainuun SHP;11
Vuosi 2020 Viikko 18;Kainuun SHP;4
Vuosi 2020 Viikko 19;Kainuun SHP;1
Vuosi 2020 Viikko 20;Kainuun SHP;1
Vuosi 2020 Viikko 21;Kainuun SHP;0
Vuosi 2020 Viikko 22;Kainuun SHP;0
Vuosi 2020 Viikko 23;Kainuun SHP;0
Vuosi 2020 Viikko 24;Kainuun SHP;0
Vuosi 2020 Viikko 25;Kainuun SHP;0
Vuosi 2020 Viikko 26;Kainuun SHP;0
Vuosi 2020 Viikko 27;Kainuun SHP;0
Vuosi 2020 Viikko 28;Kainuun SHP;1
Vuosi 2020 Viikko 29;Kainuun SHP;0
Vuosi 2020 Viikko 30;Kainuun SHP;0
Vuosi 2020 Viikko 31;Kainuun SHP;0
Vuosi 2020 Viikko 32;Kainuun SHP;1
Vuosi 2020 Viikko 33;Kainuun SHP;0
Vuosi 2020 Viikko 34;Kainuun SHP;0
Vuosi 2020 Viikko 35;Kainuun SHP;15
Vuosi 2020 Viikko 36;Kainuun SHP;8
Vuosi 2020 Viikko 37;Kainuun SHP;1
Vuosi 2020 Viikko 38;Kainuun SHP;0
Vuosi 2020 Viikko 39;Kainuun SHP;2
Vuosi 2020 Viikko 40;Kainuun SHP;9
Vuosi 2020 Viikko 41;Kainuun SHP;0
Vuosi 2020 Viikko 42;Kainuun SHP;3
Vuosi 2020 Viikko 43;Kainuun SHP;2
Vuosi 2020 Viikko 44;Kainuun SHP;0
Vuosi 2020 Viikko 45;Kainuun SHP;7
Vuosi 2020 Viikko 46;Kainuun SHP;7
Vuosi 2020 Viikko 47;Kainuun SHP;8
Vuosi 2020 Viikko 48;Kainuun SHP;21
Vuosi 2020 Viikko 49;Kainuun SHP;7
Vuosi 2020 Viikko 50;Kainuun SHP;2
Vuosi 2020 Viikko 51;Kainuun SHP;6
Vuosi 2020 Viikko 52;Kainuun SHP;2
Vuosi 2020 Viikko 53;Kainuun SHP;4
Vuosi 2021 Viikko 01;Kainuun SHP;15
Vuosi 2021 Viikko 02;Kainuun SHP;4
Vuosi 2021 Viikko 03;Kainuun SHP;
Vuosi 2021 Viikko 04;Kainuun SHP;
Vuosi 2021 Viikko 05;Kainuun SHP;
Vuosi 2021 Viikko 06;Kainuun SHP;
Vuosi 2021 Viikko 07;Kainuun SHP;
Vuosi 2021 Viikko 08;Kainuun SHP;
Vuosi 2021 Viikko 09;Kainuun SHP;
Vuosi 2021 Viikko 10;Kainuun SHP;
Vuosi 2021 Viikko 11;Kainuun SHP;
Vuosi 2021 Viikko 12;Kainuun SHP;
Vuosi 2021 Viikko 13;Kainuun SHP;
Vuosi 2021 Viikko 14;Kainuun SHP;
Vuosi 2021 Viikko 15;Kainuun SHP;
Vuosi 2021 Viikko 16;Kainuun SHP;
Vuosi 2021 Viikko 17;Kainuun SHP;
Vuosi 2021 Viikko 18;Kainuun SHP;
Vuosi 2021 Viikko 19;Kainuun SHP;
Vuosi 2021 Viikko 20;Kainuun SHP;
Vuosi 2021 Viikko 21;Kainuun SHP;
Vuosi 2021 Viikko 22;Kainuun SHP;
Vuosi 2021 Viikko 23;Kainuun SHP;
Vuosi 2021 Viikko 24;Kainuun SHP;
Vuosi 2021 Viikko 25;Kainuun SHP;
Vuosi 2021 Viikko 26;Kainuun SHP;
Vuosi 2021 Viikko 27;Kainuun SHP;
Vuosi 2021 Viikko 28;Kainuun SHP;
Vuosi 2021 Viikko 29;Kainuun SHP;
Vuosi 2021 Viikko 30;Kainuun SHP;
Vuosi 2021 Viikko 31;Kainuun SHP;
Vuosi 2021 Viikko 32;Kainuun SHP;
Vuosi 2021 Viikko 33;Kainuun SHP;
Vuosi 2021 Viikko 34;Kainuun SHP;
Vuosi 2021 Viikko 35;Kainuun SHP;
Vuosi 2021 Viikko 36;Kainuun SHP;
Vuosi 2021 Viikko 37;Kainuun SHP;
Vuosi 2021 Viikko 38;Kainuun SHP;
Vuosi 2021 Viikko 39;Kainuun SHP;
Vuosi 2021 Viikko 40;Kainuun SHP;
Vuosi 2021 Viikko 41;Kainuun SHP;
Vuosi 2021 Viikko 42;Kainuun SHP;
Vuosi 2021 Viikko 43;Kainuun SHP;
Vuosi 2021 Viikko 44;Kainuun SHP;
Vuosi 2021 Viikko 45;Kainuun SHP;
Vuosi 2021 Viikko 46;Kainuun SHP;
Vuosi 2021 Viikko 47;Kainuun SHP;
Vuosi 2021 Viikko 48;Kainuun SHP;
Vuosi 2021 Viikko 49;Kainuun SHP;
Vuosi 2021 Viikko 50;Kainuun SHP;
Vuosi 2021 Viikko 51;Kainuun SHP;
Vuosi 2021 Viikko 52;Kainuun SHP;
Aika;Kainuun SHP;190
Vuosi 2020 Viikko 01;Länsi-Pohjan SHP;0
Vuosi 2020 Viikko 02;Länsi-Pohjan SHP;0
Vuosi 2020 Viikko 03;Länsi-Pohjan SHP;0
Vuosi 2020 Viikko 04;Länsi-Pohjan SHP;0
Vuosi 2020 Viikko 05;Länsi-Pohjan SHP;0
Vuosi 2020 Viikko 06;Länsi-Pohjan SHP;0
Vuosi 2020 Viikko 07;Länsi-Pohjan SHP;0
Vuosi 2020 Viikko 08;Länsi-Pohjan SHP;0
Vuosi 2020 Viikko 09;Länsi-Pohjan SHP;0
Vuosi 2020 Viikko 10;Länsi-Pohjan SHP;0
Vuosi 2020 Viikko 11;Länsi-Pohjan SHP;0
Vuosi 2020 Viikko 12;Länsi-Pohjan SHP;3
Vuosi 2020 Viikko 13;Länsi-Pohjan SHP;3
Vuosi 2020 Viikko 14;Länsi-Pohjan SHP;17
Vuosi 2020 Viikko 15;Länsi-Pohjan SHP;31
Vuosi 2020 Viikko 16;Länsi-Pohjan SHP;31
Vuosi 2020 Viikko 17;Länsi-Pohjan SHP;24
Vuosi 2020 Viikko 18;Länsi-Pohjan SHP;14
Vuosi 2020 Viikko 19;Länsi-Pohjan SHP;14
Vuosi 2020 Viikko 20;Länsi-Pohjan SHP;5
Vuosi 2020 Viikko 21;Länsi-Pohjan SHP;1
Vuosi 2020 Viikko 22;Länsi-Pohjan SHP;3
Vuosi 2020 Viikko 23;Länsi-Pohjan SHP;0
Vuosi 2020 Viikko 24;Länsi-Pohjan SHP;0
Vuosi 2020 Viikko 25;Länsi-Pohjan SHP;1
Vuosi 2020 Viikko 26;Länsi-Pohjan SHP;2
Vuosi 2020 Viikko 27;Länsi-Pohjan SHP;0
Vuosi 2020 Viikko 28;Länsi-Pohjan SHP;0
Vuosi 2020 Viikko 29;Länsi-Pohjan SHP;0
Vuosi 2020 Viikko 30;Länsi-Pohjan SHP;0
Vuosi 2020 Viikko 31;Länsi-Pohjan SHP;0
Vuosi 2020 Viikko 32;Länsi-Pohjan SHP;1
Vuosi 2020 Viikko 33;Länsi-Pohjan SHP;1
Vuosi 2020 Viikko 34;Länsi-Pohjan SHP;0
Vuosi 2020 Viikko 35;Länsi-Pohjan SHP;0
Vuosi 2020 Viikko 36;Länsi-Pohjan SHP;0
Vuosi 2020 Viikko 37;Länsi-Pohjan SHP;0
Vuosi 2020 Viikko 38;Länsi-Pohjan SHP;1
Vuosi 2020 Viikko 39;Länsi-Pohjan SHP;0
Vuosi 2020 Viikko 40;Länsi-Pohjan SHP;5
Vuosi 2020 Viikko 41;Länsi-Pohjan SHP;9
Vuosi 2020 Viikko 42;Länsi-Pohjan SHP;5
Vuosi 2020 Viikko 43;Länsi-Pohjan SHP;5
Vuosi 2020 Viikko 44;Länsi-Pohjan SHP;24
Vuosi 2020 Viikko 45;Länsi-Pohjan SHP;38
Vuosi 2020 Viikko 46;Länsi-Pohjan SHP;33
Vuosi 2020 Viikko 47;Länsi-Pohjan SHP;26
Vuosi 2020 Viikko 48;Länsi-Pohjan SHP;10
Vuosi 2020 Viikko 49;Länsi-Pohjan SHP;10
Vuosi 2020 Viikko 50;Länsi-Pohjan SHP;5
Vuosi 2020 Viikko 51;Länsi-Pohjan SHP;10
Vuosi 2020 Viikko 52;Länsi-Pohjan SHP;12
Vuosi 2020 Viikko 53;Länsi-Pohjan SHP;20
Vuosi 2021 Viikko 01;Länsi-Pohjan SHP;23
Vuosi 2021 Viikko 02;Länsi-Pohjan SHP;0
Vuosi 2021 Viikko 03;Länsi-Pohjan SHP;
Vuosi 2021 Viikko 04;Länsi-Pohjan SHP;
Vuosi 2021 Viikko 05;Länsi-Pohjan SHP;
Vuosi 2021 Viikko 06;Länsi-Pohjan SHP;
Vuosi 2021 Viikko 07;Länsi-Pohjan SHP;
Vuosi 2021 Viikko 08;Länsi-Pohjan SHP;
Vuosi 2021 Viikko 09;Länsi-Pohjan SHP;
Vuosi 2021 Viikko 10;Länsi-Pohjan SHP;
Vuosi 2021 Viikko 11;Länsi-Pohjan SHP;
Vuosi 2021 Viikko 12;Länsi-Pohjan SHP;
Vuosi 2021 Viikko 13;Länsi-Pohjan SHP;
Vuosi 2021 Viikko 14;Länsi-Pohjan SHP;
Vuosi 2021 Viikko 15;Länsi-Pohjan SHP;
Vuosi 2021 Viikko 16;Länsi-Pohjan SHP;
Vuosi 2021 Viikko 17;Länsi-Pohjan SHP;
Vuosi 2021 Viikko 18;Länsi-Pohjan SHP;
Vuosi 2021 Viikko 19;Länsi-Pohjan SHP;
Vuosi 2021 Viikko 20;Länsi-Pohjan SHP;
Vuosi 2021 Viikko 21;Länsi-Pohjan SHP;
Vuosi 2021 Viikko 22;Länsi-Pohjan SHP;
Vuosi 2021 Viikko 23;Länsi-Pohjan SHP;
Vuosi 2021 Viikko 24;Länsi-Pohjan SHP;
Vuosi 2021 Viikko 25;Länsi-Pohjan SHP;
Vuosi 2021 Viikko 26;Länsi-Pohjan SHP;
Vuosi 2021 Viikko 27;Länsi-Pohjan SHP;
Vuosi 2021 Viikko 28;Länsi-Pohjan SHP;
Vuosi 2021 Viikko 29;Länsi-Pohjan SHP;
Vuosi 2021 Viikko 30;Länsi-Pohjan SHP;
Vuosi 2021 Viikko 31;Länsi-Pohjan SHP;
Vuosi 2021 Viikko 32;Länsi-Pohjan SHP;
Vuosi 2021 Viikko 33;Länsi-Pohjan SHP;
Vuosi 2021 Viikko 34;Länsi-Pohjan SHP;
Vuosi 2021 Viikko 35;Länsi-Pohjan SHP;
Vuosi 2021 Viikko 36;Länsi-Pohjan SHP;
Vuosi 2021 Viikko 37;Länsi-Pohjan SHP;
Vuosi 2021 Viikko 38;Länsi-Pohjan SHP;
Vuosi 2021 Viikko 39;Länsi-Pohjan SHP;
Vuosi 2021 Viikko 40;Länsi-Pohjan SHP;
Vuosi 2021 Viikko 41;Länsi-Pohjan SHP;
Vuosi 2021 Viikko 42;Länsi-Pohjan SHP;
Vuosi 2021 Viikko 43;Länsi-Pohjan SHP;
Vuosi 2021 Viikko 44;Länsi-Pohjan SHP;
Vuosi 2021 Viikko 45;Länsi-Pohjan SHP;
Vuosi 2021 Viikko 46;Länsi-Pohjan SHP;
Vuosi 2021 Viikko 47;Länsi-Pohjan SHP;
Vuosi 2021 Viikko 48;Länsi-Pohjan SHP;
Vuosi 2021 Viikko 49;Länsi-Pohjan SHP;
Vuosi 2021 Viikko 50;Länsi-Pohjan SHP;
Vuosi 2021 Viikko 51;Länsi-Pohjan SHP;
Vuosi 2021 Viikko 52;Länsi-Pohjan SHP;
Aika;Länsi-Pohjan SHP;387
Vuosi 2020 Viikko 01;Lapin SHP;0
Vuosi 2020 Viikko 02;Lapin SHP;0
Vuosi 2020 Viikko 03;Lapin SHP;0
Vuosi 2020 Viikko 04;Lapin SHP;0
Vuosi 2020 Viikko 05;Lapin SHP;0
Vuosi 2020 Viikko 06;Lapin SHP;0
Vuosi 2020 Viikko 07;Lapin SHP;0
Vuosi 2020 Viikko 08;Lapin SHP;0
Vuosi 2020 Viikko 09;Lapin SHP;0
Vuosi 2020 Viikko 10;Lapin SHP;0
Vuosi 2020 Viikko 11;Lapin SHP;2
Vuosi 2020 Viikko 12;Lapin SHP;1
Vuosi 2020 Viikko 13;Lapin SHP;13
Vuosi 2020 Viikko 14;Lapin SHP;25
Vuosi 2020 Viikko 15;Lapin SHP;22
Vuosi 2020 Viikko 16;Lapin SHP;7
Vuosi 2020 Viikko 17;Lapin SHP;0
Vuosi 2020 Viikko 18;Lapin SHP;2
Vuosi 2020 Viikko 19;Lapin SHP;1
Vuosi 2020 Viikko 20;Lapin SHP;1
Vuosi 2020 Viikko 21;Lapin SHP;0
Vuosi 2020 Viikko 22;Lapin SHP;0
Vuosi 2020 Viikko 23;Lapin SHP;1
Vuosi 2020 Viikko 24;Lapin SHP;0
Vuosi 2020 Viikko 25;Lapin SHP;0
Vuosi 2020 Viikko 26;Lapin SHP;0
Vuosi 2020 Viikko 27;Lapin SHP;2
Vuosi 2020 Viikko 28;Lapin SHP;2
Vuosi 2020 Viikko 29;Lapin SHP;0
Vuosi 2020 Viikko 30;Lapin SHP;0
Vuosi 2020 Viikko 31;Lapin SHP;1
Vuosi 2020 Viikko 32;Lapin SHP;1
Vuosi 2020 Viikko 33;Lapin SHP;2
Vuosi 2020 Viikko 34;Lapin SHP;6
Vuosi 2020 Viikko 35;Lapin SHP;1
Vuosi 2020 Viikko 36;Lapin SHP;0
Vuosi 2020 Viikko 37;Lapin SHP;3
Vuosi 2020 Viikko 38;Lapin SHP;2
Vuosi 2020 Viikko 39;Lapin SHP;4
Vuosi 2020 Viikko 40;Lapin SHP;18
Vuosi 2020 Viikko 41;Lapin SHP;14
Vuosi 2020 Viikko 42;Lapin SHP;9
Vuosi 2020 Viikko 43;Lapin SHP;18
Vuosi 2020 Viikko 44;Lapin SHP;40
Vuosi 2020 Viikko 45;Lapin SHP;51
Vuosi 2020 Viikko 46;Lapin SHP;18
Vuosi 2020 Viikko 47;Lapin SHP;10
Vuosi 2020 Viikko 48;Lapin SHP;20
Vuosi 2020 Viikko 49;Lapin SHP;19
Vuosi 2020 Viikko 50;Lapin SHP;16
Vuosi 2020 Viikko 51;Lapin SHP;11
Vuosi 2020 Viikko 52;Lapin SHP;11
Vuosi 2020 Viikko 53;Lapin SHP;13
Vuosi 2021 Viikko 01;Lapin SHP;15
Vuosi 2021 Viikko 02;Lapin SHP;2
Vuosi 2021 Viikko 03;Lapin SHP;
Vuosi 2021 Viikko 04;Lapin SHP;
Vuosi 2021 Viikko 05;Lapin SHP;
Vuosi 2021 Viikko 06;Lapin SHP;
Vuosi 2021 Viikko 07;Lapin SHP;
Vuosi 2021 Viikko 08;Lapin SHP;
Vuosi 2021 Viikko 09;Lapin SHP;
Vuosi 2021 Viikko 10;Lapin SHP;
Vuosi 2021 Viikko 11;Lapin SHP;
Vuosi 2021 Viikko 12;Lapin SHP;
Vuosi 2021 Viikko 13;Lapin SHP;
Vuosi 2021 Viikko 14;Lapin SHP;
Vuosi 2021 Viikko 15;Lapin SHP;
Vuosi 2021 Viikko 16;Lapin SHP;
Vuosi 2021 Viikko 17;Lapin SHP;
Vuosi 2021 Viikko 18;Lapin SHP;
Vuosi 2021 Viikko 19;Lapin SHP;
Vuosi 2021 Viikko 20;Lapin SHP;
Vuosi 2021 Viikko 21;Lapin SHP;
Vuosi 2021 Viikko 22;Lapin SHP;
Vuosi 2021 Viikko 23;Lapin SHP;
Vuosi 2021 Viikko 24;Lapin SHP;
Vuosi 2021 Viikko 25;Lapin SHP;
Vuosi 2021 Viikko 26;Lapin SHP;
Vuosi 2021 Viikko 27;Lapin SHP;
Vuosi 2021 Viikko 28;Lapin SHP;
Vuosi 2021 Viikko 29;Lapin SHP;
Vuosi 2021 Viikko 30;Lapin SHP;
Vuosi 2021 Viikko 31;Lapin SHP;
Vuosi 2021 Viikko 32;Lapin SHP;
Vuosi 2021 Viikko 33;Lapin SHP;
Vuosi 2021 Viikko 34;Lapin SHP;
Vuosi 2021 Viikko 35;Lapin SHP;
Vuosi 2021 Viikko 36;Lapin SHP;
Vuosi 2021 Viikko 37;Lapin SHP;
Vuosi 2021 Viikko 38;Lapin SHP;
Vuosi 2021 Viikko 39;Lapin SHP;
Vuosi 2021 Viikko 40;Lapin SHP;
Vuosi 2021 Viikko 41;Lapin SHP;
Vuosi 2021 Viikko 42;Lapin SHP;
Vuosi 2021 Viikko 43;Lapin SHP;
Vuosi 2021 Viikko 44;Lapin SHP;
Vuosi 2021 Viikko 45;Lapin SHP;
Vuosi 2021 Viikko 46;Lapin SHP;
Vuosi 2021 Viikko 47;Lapin SHP;
Vuosi 2021 Viikko 48;Lapin SHP;
Vuosi 2021 Viikko 49;Lapin SHP;
Vuosi 2021 Viikko 50;Lapin SHP;
Vuosi 2021 Viikko 51;Lapin SHP;
Vuosi 2021 Viikko 52;Lapin SHP;
Aika;Lapin SHP;384
Vuosi 2020 Viikko 01;Helsingin ja Uudenmaan SHP;1
Vuosi 2020 Viikko 02;Helsingin ja Uudenmaan SHP;3
Vuosi 2020 Viikko 03;Helsingin ja Uudenmaan SHP;0
Vuosi 2020 Viikko 04;Helsingin ja Uudenmaan SHP;0
Vuosi 2020 Viikko 05;Helsingin ja Uudenmaan SHP;1
Vuosi 2020 Viikko 06;Helsingin ja Uudenmaan SHP;0
Vuosi 2020 Viikko 07;Helsingin ja Uudenmaan SHP;1
Vuosi 2020 Viikko 08;Helsingin ja Uudenmaan SHP;1
Vuosi 2020 Viikko 09;Helsingin ja Uudenmaan SHP;6
Vuosi 2020 Viikko 10;Helsingin ja Uudenmaan SHP;16
Vuosi 2020 Viikko 11;Helsingin ja Uudenmaan SHP;196
Vuosi 2020 Viikko 12;Helsingin ja Uudenmaan SHP;392
Vuosi 2020 Viikko 13;Helsingin ja Uudenmaan SHP;355
Vuosi 2020 Viikko 14;Helsingin ja Uudenmaan SHP;612
Vuosi 2020 Viikko 15;Helsingin ja Uudenmaan SHP;634
Vuosi 2020 Viikko 16;Helsingin ja Uudenmaan SHP;613
Vuosi 2020 Viikko 17;Helsingin ja Uudenmaan SHP;611
Vuosi 2020 Viikko 18;Helsingin ja Uudenmaan SHP;529
Vuosi 2020 Viikko 19;Helsingin ja Uudenmaan SHP;501
Vuosi 2020 Viikko 20;Helsingin ja Uudenmaan SHP;339
Vuosi 2020 Viikko 21;Helsingin ja Uudenmaan SHP;183
Vuosi 2020 Viikko 22;Helsingin ja Uudenmaan SHP;131
Vuosi 2020 Viikko 23;Helsingin ja Uudenmaan SHP;82
Vuosi 2020 Viikko 24;Helsingin ja Uudenmaan SHP;40
Vuosi 2020 Viikko 25;Helsingin ja Uudenmaan SHP;38
Vuosi 2020 Viikko 26;Helsingin ja Uudenmaan SHP;36
Vuosi 2020 Viikko 27;Helsingin ja Uudenmaan SHP;33
Vuosi 2020 Viikko 28;Helsingin ja Uudenmaan SHP;10
Vuosi 2020 Viikko 29;Helsingin ja Uudenmaan SHP;27
Vuosi 2020 Viikko 30;Helsingin ja Uudenmaan SHP;34
Vuosi 2020 Viikko 31;Helsingin ja Uudenmaan SHP;54
Vuosi 2020 Viikko 32;Helsingin ja Uudenmaan SHP;118
Vuosi 2020 Viikko 33;Helsingin ja Uudenmaan SHP;123
Vuosi 2020 Viikko 34;Helsingin ja Uudenmaan SHP;117
Vuosi 2020 Viikko 35;Helsingin ja Uudenmaan SHP;87
Vuosi 2020 Viikko 36;Helsingin ja Uudenmaan SHP;120
Vuosi 2020 Viikko 37;Helsingin ja Uudenmaan SHP;135
Vuosi 2020 Viikko 38;Helsingin ja Uudenmaan SHP;228
Vuosi 2020 Viikko 39;Helsingin ja Uudenmaan SHP;439
Vuosi 2020 Viikko 40;Helsingin ja Uudenmaan SHP;567
Vuosi 2020 Viikko 41;Helsingin ja Uudenmaan SHP;758
Vuosi 2020 Viikko 42;Helsingin ja Uudenmaan SHP;714
Vuosi 2020 Viikko 43;Helsingin ja Uudenmaan SHP;673
Vuosi 2020 Viikko 44;Helsingin ja Uudenmaan SHP;765
Vuosi 2020 Viikko 45;Helsingin ja Uudenmaan SHP;862
Vuosi 2020 Viikko 46;Helsingin ja Uudenmaan SHP;997
Vuosi 2020 Viikko 47;Helsingin ja Uudenmaan SHP;1663
Vuosi 2020 Viikko 48;Helsingin ja Uudenmaan SHP;1656
Vuosi 2020 Viikko 49;Helsingin ja Uudenmaan SHP;1595
Vuosi 2020 Viikko 50;Helsingin ja Uudenmaan SHP;1580
Vuosi 2020 Viikko 51;Helsingin ja Uudenmaan SHP;1223
Vuosi 2020 Viikko 52;Helsingin ja Uudenmaan SHP;939
Vuosi 2020 Viikko 53;Helsingin ja Uudenmaan SHP;912
Vuosi 2021 Viikko 01;Helsingin ja Uudenmaan SHP;948
Vuosi 2021 Viikko 02;Helsingin ja Uudenmaan SHP;248
Vuosi 2021 Viikko 03;Helsingin ja Uudenmaan SHP;
Vuosi 2021 Viikko 04;Helsingin ja Uudenmaan SHP;
Vuosi 2021 Viikko 05;Helsingin ja Uudenmaan SHP;
Vuosi 2021 Viikko 06;Helsingin ja Uudenmaan SHP;
Vuosi 2021 Viikko 07;Helsingin ja Uudenmaan SHP;
Vuosi 2021 Viikko 08;Helsingin ja Uudenmaan SHP;
Vuosi 2021 Viikko 09;Helsingin ja Uudenmaan SHP;
Vuosi 2021 Viikko 10;Helsingin ja Uudenmaan SHP;
Vuosi 2021 Viikko 11;Helsingin ja Uudenmaan SHP;
Vuosi 2021 Viikko 12;Helsingin ja Uudenmaan SHP;
Vuosi 2021 Viikko 13;Helsingin ja Uudenmaan SHP;
Vuosi 2021 Viikko 14;Helsingin ja Uudenmaan SHP;
Vuosi 2021 Viikko 15;Helsingin ja Uudenmaan SHP;
Vuosi 2021 Viikko 16;Helsingin ja Uudenmaan SHP;
Vuosi 2021 Viikko 17;Helsingin ja Uudenmaan SHP;
Vuosi 2021 Viikko 18;Helsingin ja Uudenmaan SHP;
Vuosi 2021 Viikko 19;Helsingin ja Uudenmaan SHP;
Vuosi 2021 Viikko 20;Helsingin ja Uudenmaan SHP;
Vuosi 2021 Viikko 21;Helsingin ja Uudenmaan SHP;
Vuosi 2021 Viikko 22;Helsingin ja Uudenmaan SHP;
Vuosi 2021 Viikko 23;Helsingin ja Uudenmaan SHP;
Vuosi 2021 Viikko 24;Helsingin ja Uudenmaan SHP;
Vuosi 2021 Viikko 25;Helsingin ja Uudenmaan SHP;
Vuosi 2021 Viikko 26;Helsingin ja Uudenmaan SHP;
Vuosi 2021 Viikko 27;Helsingin ja Uudenmaan SHP;
Vuosi 2021 Viikko 28;Helsingin ja Uudenmaan SHP;
Vuosi 2021 Viikko 29;Helsingin ja Uudenmaan SHP;
Vuosi 2021 Viikko 30;Helsingin ja Uudenmaan SHP;
Vuosi 2021 Viikko 31;Helsingin ja Uudenmaan SHP;
Vuosi 2021 Viikko 32;Helsingin ja Uudenmaan SHP;
Vuosi 2021 Viikko 33;Helsingin ja Uudenmaan SHP;
Vuosi 2021 Viikko 34;Helsingin ja Uudenmaan SHP;
Vuosi 2021 Viikko 35;Helsingin ja Uudenmaan SHP;
Vuosi 2021 Viikko 36;Helsingin ja Uudenmaan SHP;
Vuosi 2021 Viikko 37;Helsingin ja Uudenmaan SHP;
Vuosi 2021 Viikko 38;Helsingin ja Uudenmaan SHP;
Vuosi 2021 Viikko 39;Helsingin ja Uudenmaan SHP;
Vuosi 2021 Viikko 40;Helsingin ja Uudenmaan SHP;
Vuosi 2021 Viikko 41;Helsingin ja Uudenmaan SHP;
Vuosi 2021 Viikko 42;Helsingin ja Uudenmaan SHP;
Vuosi 2021 Viikko 43;Helsingin ja Uudenmaan SHP;
Vuosi 2021 Viikko 44;Helsingin ja Uudenmaan SHP;
Vuosi 2021 Viikko 45;Helsingin ja Uudenmaan SHP;
Vuosi 2021 Viikko 46;Helsingin ja Uudenmaan SHP;
Vuosi 2021 Viikko 47;Helsingin ja Uudenmaan SHP;
Vuosi 2021 Viikko 48;Helsingin ja Uudenmaan SHP;
Vuosi 2021 Viikko 49;Helsingin ja Uudenmaan SHP;
Vuosi 2021 Viikko 50;Helsingin ja Uudenmaan SHP;
Vuosi 2021 Viikko 51;Helsingin ja Uudenmaan SHP;
Vuosi 2021 Viikko 52;Helsingin ja Uudenmaan SHP;
Aika;Helsingin ja Uudenmaan SHP;22946
Vuosi 2020 Viikko 01;Kaikki Alueet;1
Vuosi 2020 Viikko 02;Kaikki Alueet;3
Vuosi 2020 Viikko 03;Kaikki Alueet;0
Vuosi 2020 Viikko 04;Kaikki Alueet;0
Vuosi 2020 Viikko 05;Kaikki Alueet;1
Vuosi 2020 Viikko 06;Kaikki Alueet;0
Vuosi 2020 Viikko 07;Kaikki Alueet;1
Vuosi 2020 Viikko 08;Kaikki Alueet;1
Vuosi 2020 Viikko 09;Kaikki Alueet;7
Vuosi 2020 Viikko 10;Kaikki Alueet;34
Vuosi 2020 Viikko 11;Kaikki Alueet;317
Vuosi 2020 Viikko 12;Kaikki Alueet;541
Vuosi 2020 Viikko 13;Kaikki Alueet;643
Vuosi 2020 Viikko 14;Kaikki Alueet;966
Vuosi 2020 Viikko 15;Kaikki Alueet;931
Vuosi 2020 Viikko 16;Kaikki Alueet;790
Vuosi 2020 Viikko 17;Kaikki Alueet;736
Vuosi 2020 Viikko 18;Kaikki Alueet;623
Vuosi 2020 Viikko 19;Kaikki Alueet;617
Vuosi 2020 Viikko 20;Kaikki Alueet;398
Vuosi 2020 Viikko 21;Kaikki Alueet;221
Vuosi 2020 Viikko 22;Kaikki Alueet;163
Vuosi 2020 Viikko 23;Kaikki Alueet;99
Vuosi 2020 Viikko 24;Kaikki Alueet;54
Vuosi 2020 Viikko 25;Kaikki Alueet;50
Vuosi 2020 Viikko 26;Kaikki Alueet;52
Vuosi 2020 Viikko 27;Kaikki Alueet;45
Vuosi 2020 Viikko 28;Kaikki Alueet;39
Vuosi 2020 Viikko 29;Kaikki Alueet;43
Vuosi 2020 Viikko 30;Kaikki Alueet;56
Vuosi 2020 Viikko 31;Kaikki Alueet;84
Vuosi 2020 Viikko 32;Kaikki Alueet;169
Vuosi 2020 Viikko 33;Kaikki Alueet;175
Vuosi 2020 Viikko 34;Kaikki Alueet;191
Vuosi 2020 Viikko 35;Kaikki Alueet;156
Vuosi 2020 Viikko 36;Kaikki Alueet;235
Vuosi 2020 Viikko 37;Kaikki Alueet;356
Vuosi 2020 Viikko 38;Kaikki Alueet;466
Vuosi 2020 Viikko 39;Kaikki Alueet;716
Vuosi 2020 Viikko 40;Kaikki Alueet;1128
Vuosi 2020 Viikko 41;Kaikki Alueet;1627
Vuosi 2020 Viikko 42;Kaikki Alueet;1277
Vuosi 2020 Viikko 43;Kaikki Alueet;1245
Vuosi 2020 Viikko 44;Kaikki Alueet;1455
Vuosi 2020 Viikko 45;Kaikki Alueet;1421
Vuosi 2020 Viikko 46;Kaikki Alueet;1649
Vuosi 2020 Viikko 47;Kaikki Alueet;2600
Vuosi 2020 Viikko 48;Kaikki Alueet;3131
Vuosi 2020 Viikko 49;Kaikki Alueet;3012
Vuosi 2020 Viikko 50;Kaikki Alueet;2907
Vuosi 2020 Viikko 51;Kaikki Alueet;2319
Vuosi 2020 Viikko 52;Kaikki Alueet;1649
Vuosi 2020 Viikko 53;Kaikki Alueet;1751
Vuosi 2021 Viikko 01;Kaikki Alueet;1787
Vuosi 2021 Viikko 02;Kaikki Alueet;397
Vuosi 2021 Viikko 03;Kaikki Alueet;
Vuosi 2021 Viikko 04;Kaikki Alueet;
Vuosi 2021 Viikko 05;Kaikki Alueet;
Vuosi 2021 Viikko 06;Kaikki Alueet;
Vuosi 2021 Viikko 07;Kaikki Alueet;
Vuosi 2021 Viikko 08;Kaikki Alueet;
Vuosi 2021 Viikko 09;Kaikki Alueet;
Vuosi 2021 Viikko 10;Kaikki Alueet;
Vuosi 2021 Viikko 11;Kaikki Alueet;
Vuosi 2021 Viikko 12;Kaikki Alueet;
Vuosi 2021 Viikko 13;Kaikki Alueet;
Vuosi 2021 Viikko 14;Kaikki Alueet;
Vuosi 2021 Viikko 15;Kaikki Alueet;
Vuosi 2021 Viikko 16;Kaikki Alueet;
Vuosi 2021 Viikko 17;Kaikki Alueet;
Vuosi 2021 Viikko 18;Kaikki Alueet;
Vuosi 2021 Viikko 19;Kaikki Alueet;
Vuosi 2021 Viikko 20;Kaikki Alueet;
Vuosi 2021 Viikko 21;Kaikki Alueet;
Vuosi 2021 Viikko 22;Kaikki Alueet;
Vuosi 2021 Viikko 23;Kaikki Alueet;
Vuosi 2021 Viikko 24;Kaikki Alueet;
Vuosi 2021 Viikko 25;Kaikki Alueet;
Vuosi 2021 Viikko 26;Kaikki Alueet;
Vuosi 2021 Viikko 27;Kaikki Alueet;
Vuosi 2021 Viikko 28;Kaikki Alueet;
Vuosi 2021 Viikko 29;Kaikki Alueet;
Vuosi 2021 Viikko 30;Kaikki Alueet;
Vuosi 2021 Viikko 31;Kaikki Alueet;
Vuosi 2021 Viikko 32;Kaikki Alueet;
Vuosi 2021 Viikko 33;Kaikki Alueet;
Vuosi 2021 Viikko 34;Kaikki Alueet;
Vuosi 2021 Viikko 35;Kaikki Alueet;
Vuosi 2021 Viikko 36;Kaikki Alueet;
Vuosi 2021 Viikko 37;Kaikki Alueet;
Vuosi 2021 Viikko 38;Kaikki Alueet;
Vuosi 2021 Viikko 39;Kaikki Alueet;
Vuosi 2021 Viikko 40;Kaikki Alueet;
Vuosi 2021 Viikko 41;Kaikki Alueet;
Vuosi 2021 Viikko 42;Kaikki Alueet;
Vuosi 2021 Viikko 43;Kaikki Alueet;
Vuosi 2021 Viikko 44;Kaikki Alueet;
Vuosi 2021 Viikko 45;Kaikki Alueet;
Vuosi 2021 Viikko 46;Kaikki Alueet;
Vuosi 2021 Viikko 47;Kaikki Alueet;
Vuosi 2021 Viikko 48;Kaikki Alueet;
Vuosi 2021 Viikko 49;Kaikki Alueet;
Vuosi 2021 Viikko 50;Kaikki Alueet;
Vuosi 2021 Viikko 51;Kaikki Alueet;
Vuosi 2021 Viikko 52;Kaikki Alueet;
Aika;Kaikki Alueet;39335
